source,ioc_type,value,timestamp
AlienVault,ip/domain,reputation.alienvault.com,2025-07-24T19:53:42.378029
AlienVault,ip/domain,49.143.32.6,2025-07-24T19:53:42.378076
AlienVault,ip/domain,222.77.181.28,2025-07-24T19:53:42.378092
AlienVault,ip/domain,180.151.24.60,2025-07-24T19:53:42.378105
AlienVault,ip/domain,157.61.212.1,2025-07-24T19:53:42.378117
AlienVault,ip/domain,70.50.152.130,2025-07-24T19:53:42.378130
AlienVault,ip/domain,193.169.252.158,2025-07-24T19:53:42.378142
AlienVault,ip/domain,100.27.42.242,2025-07-24T19:53:42.378154
AlienVault,ip/domain,100.27.42.243,2025-07-24T19:53:42.378165
AlienVault,ip/domain,100.27.42.244,2025-07-24T19:53:42.378177
AlienVault,ip/domain,100.27.42.241,2025-07-24T19:53:42.378189
AlienVault,ip/domain,156.251.136.4,2025-07-24T19:53:42.378201
AlienVault,ip/domain,103.231.172.42,2025-07-24T19:53:42.378213
AlienVault,ip/domain,185.128.41.50,2025-07-24T19:53:42.378225
AlienVault,ip/domain,45.146.164.110,2025-07-24T19:53:42.378235
AlienVault,ip/domain,4.71.37.45,2025-07-24T19:53:42.378248
AlienVault,ip/domain,4.71.37.46,2025-07-24T19:53:42.378260
AlienVault,ip/domain,210.13.110.60,2025-07-24T19:53:42.378272
AlienVault,ip/domain,103.40.172.173,2025-07-24T19:53:42.378283
AlienVault,ip/domain,203.248.175.71,2025-07-24T19:53:42.378294
AlienVault,ip/domain,203.248.175.72,2025-07-24T19:53:42.378305
AlienVault,ip/domain,216.4.95.61,2025-07-24T19:53:42.378316
AlienVault,ip/domain,140.206.86.124,2025-07-24T19:53:42.378328
AlienVault,ip/domain,216.4.95.62,2025-07-24T19:53:42.378339
AlienVault,ip/domain,103.40.172.189,2025-07-24T19:53:42.378350
AlienVault,ip/domain,202.129.58.130,2025-07-24T19:53:42.378361
AlienVault,ip/domain,46.4.123.15,2025-07-24T19:53:42.378373
AlienVault,ip/domain,59.63.207.69,2025-07-24T19:53:42.378384
AlienVault,ip/domain,80.14.216.204,2025-07-24T19:53:42.378395
AlienVault,ip/domain,43.251.99.6,2025-07-24T19:53:42.378407
AlienVault,ip/domain,64.39.108.94,2025-07-24T19:53:42.378418
AlienVault,ip/domain,78.142.18.56,2025-07-24T19:53:42.378429
AlienVault,ip/domain,58.248.193.50,2025-07-24T19:53:42.378440
AlienVault,ip/domain,81.250.169.249,2025-07-24T19:53:42.378453
AlienVault,ip/domain,24.188.100.85,2025-07-24T19:53:42.378465
AlienVault,ip/domain,51.15.228.117,2025-07-24T19:53:42.378476
AlienVault,ip/domain,122.147.62.76,2025-07-24T19:53:42.378487
AlienVault,ip/domain,62.4.14.198,2025-07-24T19:53:42.378498
AlienVault,ip/domain,202.164.139.229,2025-07-24T19:53:42.378510
AlienVault,ip/domain,120.85.114.164,2025-07-24T19:53:42.378522
AlienVault,ip/domain,103.37.3.58,2025-07-24T19:53:42.378533
AlienVault,ip/domain,112.27.124.145,2025-07-24T19:53:42.378544
AlienVault,ip/domain,120.85.113.253,2025-07-24T19:53:42.378556
AlienVault,ip/domain,61.242.58.104,2025-07-24T19:53:42.378567
AlienVault,ip/domain,111.92.116.45,2025-07-24T19:53:42.378579
AlienVault,ip/domain,120.226.28.53,2025-07-24T19:53:42.378590
AlienVault,ip/domain,27.199.237.162,2025-07-24T19:53:42.378602
AlienVault,ip/domain,157.61.213.174,2025-07-24T19:53:42.378613
AlienVault,ip/domain,223.130.31.57,2025-07-24T19:53:42.378625
AlienVault,ip/domain,123.12.23.5,2025-07-24T19:53:42.378636
AlienVault,ip/domain,218.29.126.53,2025-07-24T19:53:42.378647
AlienVault,ip/domain,101.181.104.241,2025-07-24T19:53:42.378658
AlienVault,ip/domain,27.38.61.120,2025-07-24T19:53:42.378669
AlienVault,ip/domain,119.165.111.147,2025-07-24T19:53:42.378681
AlienVault,ip/domain,178.18.254.229,2025-07-24T19:53:42.378692
AlienVault,ip/domain,119.191.160.221,2025-07-24T19:53:42.378704
AlienVault,ip/domain,61.242.58.47,2025-07-24T19:53:42.378715
AlienVault,ip/domain,181.199.170.222,2025-07-24T19:53:42.378726
AlienVault,ip/domain,120.85.114.188,2025-07-24T19:53:42.378738
AlienVault,ip/domain,178.72.76.2,2025-07-24T19:53:42.378750
AlienVault,ip/domain,41.86.18.165,2025-07-24T19:53:42.378761
AlienVault,ip/domain,110.251.198.23,2025-07-24T19:53:42.378772
AlienVault,ip/domain,178.72.78.156,2025-07-24T19:53:42.378784
AlienVault,ip/domain,61.242.54.214,2025-07-24T19:53:42.378795
AlienVault,ip/domain,175.183.4.23,2025-07-24T19:53:42.378805
AlienVault,ip/domain,61.219.98.43,2025-07-24T19:53:42.378817
AlienVault,ip/domain,122.147.22.146,2025-07-24T19:53:42.378829
AlienVault,ip/domain,118.161.210.248,2025-07-24T19:53:42.378840
AlienVault,ip/domain,125.228.90.229,2025-07-24T19:53:42.378850
AlienVault,ip/domain,220.133.64.233,2025-07-24T19:53:42.378862
AlienVault,ip/domain,182.155.120.143,2025-07-24T19:53:42.378871
AlienVault,ip/domain,222.253.45.141,2025-07-24T19:53:42.378881
AlienVault,ip/domain,61.242.54.5,2025-07-24T19:53:42.378892
AlienVault,ip/domain,120.193.91.190,2025-07-24T19:53:42.378904
AlienVault,ip/domain,49.89.93.21,2025-07-24T19:53:42.378915
AlienVault,ip/domain,211.149.191.209,2025-07-24T19:53:42.378926
AlienVault,ip/domain,14.241.244.250,2025-07-24T19:53:42.378936
AlienVault,ip/domain,120.86.238.188,2025-07-24T19:53:42.378949
AlienVault,ip/domain,221.231.169.141,2025-07-24T19:53:42.378960
AlienVault,ip/domain,51.211.24.160,2025-07-24T19:53:42.378971
AlienVault,ip/domain,61.152.197.56,2025-07-24T19:53:42.378982
AlienVault,ip/domain,157.61.213.179,2025-07-24T19:53:42.378993
AlienVault,ip/domain,201.184.54.180,2025-07-24T19:53:42.379004
AlienVault,ip/domain,27.217.243.163,2025-07-24T19:53:42.379016
AlienVault,ip/domain,157.61.212.111,2025-07-24T19:53:42.379027
AlienVault,ip/domain,93.112.152.134,2025-07-24T19:53:42.379038
AlienVault,ip/domain,115.58.202.92,2025-07-24T19:53:42.379049
AlienVault,ip/domain,110.89.11.143,2025-07-24T19:53:42.379060
AlienVault,ip/domain,45.229.54.199,2025-07-24T19:53:42.379190
AlienVault,ip/domain,176.111.173.139,2025-07-24T19:53:42.379212
AlienVault,ip/domain,61.0.168.149,2025-07-24T19:53:42.379226
AlienVault,ip/domain,59.63.204.76,2025-07-24T19:53:42.379240
AlienVault,ip/domain,192.3.194.202,2025-07-24T19:53:42.379253
AlienVault,ip/domain,65.108.11.163,2025-07-24T19:53:42.379267
AlienVault,ip/domain,212.129.26.4,2025-07-24T19:53:42.379281
AlienVault,ip/domain,112.27.124.111,2025-07-24T19:53:42.379293
AlienVault,ip/domain,79.170.30.142,2025-07-24T19:53:42.379306
AlienVault,ip/domain,41.86.5.232,2025-07-24T19:53:42.379319
AlienVault,ip/domain,203.176.129.73,2025-07-24T19:53:42.379332
AlienVault,ip/domain,89.40.73.14,2025-07-24T19:53:42.379343
AlienVault,ip/domain,185.191.32.158,2025-07-24T19:53:42.379355
AlienVault,ip/domain,201.184.64.238,2025-07-24T19:53:42.379368
AlienVault,ip/domain,176.111.173.122,2025-07-24T19:53:42.379380
AlienVault,ip/domain,157.61.212.57,2025-07-24T19:53:42.379392
AlienVault,ip/domain,51.158.108.237,2025-07-24T19:53:42.379405
AlienVault,ip/domain,95.137.248.182,2025-07-24T19:53:42.379416
AlienVault,ip/domain,103.170.92.5,2025-07-24T19:53:42.379426
AlienVault,ip/domain,18.117.69.135,2025-07-24T19:53:42.379439
AlienVault,ip/domain,78.188.240.230,2025-07-24T19:53:42.379451
AlienVault,ip/domain,61.242.40.204,2025-07-24T19:53:42.379464
AlienVault,ip/domain,125.168.147.202,2025-07-24T19:53:42.379477
AlienVault,ip/domain,109.116.204.63,2025-07-24T19:53:42.379489
AlienVault,ip/domain,42.115.33.98,2025-07-24T19:53:42.379516
AlienVault,ip/domain,103.119.55.151,2025-07-24T19:53:42.379533
AlienVault,ip/domain,184.58.233.179,2025-07-24T19:53:42.379547
AlienVault,ip/domain,93.65.23.221,2025-07-24T19:53:42.379559
AlienVault,ip/domain,103.170.92.7,2025-07-24T19:53:42.379571
AlienVault,ip/domain,195.208.154.9,2025-07-24T19:53:42.379584
AlienVault,ip/domain,177.149.164.24,2025-07-24T19:53:42.379597
AlienVault,ip/domain,117.240.142.212,2025-07-24T19:53:42.379610
AlienVault,ip/domain,93.51.27.113,2025-07-24T19:53:42.379623
AlienVault,ip/domain,81.214.72.215,2025-07-24T19:53:42.379636
AlienVault,ip/domain,58.248.193.132,2025-07-24T19:53:42.379648
AlienVault,ip/domain,157.61.212.37,2025-07-24T19:53:42.379660
AlienVault,ip/domain,119.224.91.233,2025-07-24T19:53:42.379673
AlienVault,ip/domain,161.22.34.116,2025-07-24T19:53:42.379720
AlienVault,ip/domain,78.186.248.243,2025-07-24T19:53:42.379736
AlienVault,ip/domain,49.89.90.173,2025-07-24T19:53:42.379748
AlienVault,ip/domain,51.158.64.113,2025-07-24T19:53:42.379760
AlienVault,ip/domain,1.246.222.20,2025-07-24T19:53:42.379773
AlienVault,ip/domain,201.184.54.178,2025-07-24T19:53:42.379786
AlienVault,ip/domain,91.234.62.231,2025-07-24T19:53:42.379798
AlienVault,ip/domain,188.169.174.166,2025-07-24T19:53:42.379811
AlienVault,ip/domain,86.161.0.86,2025-07-24T19:53:42.379823
AlienVault,ip/domain,83.138.53.128,2025-07-24T19:53:42.379835
AlienVault,ip/domain,125.63.105.55,2025-07-24T19:53:42.379847
AlienVault,ip/domain,103.40.197.24,2025-07-24T19:53:42.379860
AlienVault,ip/domain,160.124.138.190,2025-07-24T19:53:42.379871
AlienVault,ip/domain,163.172.140.20,2025-07-24T19:53:42.379882
AlienVault,ip/domain,27.159.92.181,2025-07-24T19:53:42.379894
AlienVault,ip/domain,186.250.115.93,2025-07-24T19:53:42.379909
AlienVault,ip/domain,45.248.192.48,2025-07-24T19:53:42.379921
AlienVault,ip/domain,101.0.57.60,2025-07-24T19:53:42.379931
AlienVault,ip/domain,120.85.114.64,2025-07-24T19:53:42.379943
AlienVault,ip/domain,120.85.114.146,2025-07-24T19:53:42.379955
AlienVault,ip/domain,175.10.19.32,2025-07-24T19:53:42.379968
AlienVault,ip/domain,163.125.211.144,2025-07-24T19:53:42.380114
AlienVault,ip/domain,61.242.54.49,2025-07-24T19:53:42.380140
AlienVault,ip/domain,210.89.63.231,2025-07-24T19:53:42.380157
AlienVault,ip/domain,49.89.62.252,2025-07-24T19:53:42.380171
AlienVault,ip/domain,70.50.155.251,2025-07-24T19:53:42.380186
AlienVault,ip/domain,115.62.58.10,2025-07-24T19:53:42.380199
AlienVault,ip/domain,117.204.149.200,2025-07-24T19:53:42.380213
AlienVault,ip/domain,185.191.246.45,2025-07-24T19:53:42.380227
AlienVault,ip/domain,120.85.97.71,2025-07-24T19:53:42.380240
AlienVault,ip/domain,103.170.92.11,2025-07-24T19:53:42.380252
AlienVault,ip/domain,120.85.172.249,2025-07-24T19:53:42.380265
AlienVault,ip/domain,1.246.222.234,2025-07-24T19:53:42.380279
AlienVault,ip/domain,58.249.87.78,2025-07-24T19:53:42.380291
AlienVault,ip/domain,51.158.125.226,2025-07-24T19:53:42.380305
AlienVault,ip/domain,125.224.126.41,2025-07-24T19:53:42.380319
AlienVault,ip/domain,1.34.226.50,2025-07-24T19:53:42.380333
AlienVault,ip/domain,36.228.50.77,2025-07-24T19:53:42.380347
AlienVault,ip/domain,115.165.221.95,2025-07-24T19:53:42.380361
AlienVault,ip/domain,220.143.33.129,2025-07-24T19:53:42.380373
AlienVault,ip/domain,185.142.239.135,2025-07-24T19:53:42.380387
AlienVault,ip/domain,27.194.122.23,2025-07-24T19:53:42.380399
AlienVault,ip/domain,120.85.115.49,2025-07-24T19:53:42.380412
AlienVault,ip/domain,120.86.237.94,2025-07-24T19:53:42.380426
AlienVault,ip/domain,59.126.96.5,2025-07-24T19:53:42.380440
AlienVault,ip/domain,49.158.196.18,2025-07-24T19:53:42.380451
AlienVault,ip/domain,114.33.64.24,2025-07-24T19:53:42.380465
AlienVault,ip/domain,218.161.106.26,2025-07-24T19:53:42.380479
AlienVault,ip/domain,114.35.194.18,2025-07-24T19:53:42.380493
AlienVault,ip/domain,23.247.108.44,2025-07-24T19:53:42.380507
AlienVault,ip/domain,114.36.34.63,2025-07-24T19:53:42.380521
AlienVault,ip/domain,114.41.226.96,2025-07-24T19:53:42.380534
AlienVault,ip/domain,123.110.213.41,2025-07-24T19:53:42.380546
AlienVault,ip/domain,106.104.116.79,2025-07-24T19:53:42.380559
AlienVault,ip/domain,220.134.206.134,2025-07-24T19:53:42.380573
AlienVault,ip/domain,1.173.242.161,2025-07-24T19:53:42.380584
AlienVault,ip/domain,220.134.64.169,2025-07-24T19:53:42.380598
AlienVault,ip/domain,86.157.2.211,2025-07-24T19:53:42.380612
AlienVault,ip/domain,220.135.135.44,2025-07-24T19:53:42.380626
AlienVault,ip/domain,125.228.33.211,2025-07-24T19:53:42.380637
AlienVault,ip/domain,36.231.35.185,2025-07-24T19:53:42.380650
AlienVault,ip/domain,1.171.103.192,2025-07-24T19:53:42.380665
AlienVault,ip/domain,114.35.131.161,2025-07-24T19:53:42.380676
AlienVault,ip/domain,60.244.133.195,2025-07-24T19:53:42.380687
AlienVault,ip/domain,117.95.137.93,2025-07-24T19:53:42.380701
AlienVault,ip/domain,27.215.114.223,2025-07-24T19:53:42.380714
AlienVault,ip/domain,163.125.211.119,2025-07-24T19:53:42.380727
AlienVault,ip/domain,163.204.211.80,2025-07-24T19:53:42.380739
AlienVault,ip/domain,120.86.236.217,2025-07-24T19:53:42.380753
AlienVault,ip/domain,112.6.221.37,2025-07-24T19:53:42.380766
AlienVault,ip/domain,120.86.254.133,2025-07-24T19:53:42.380780
AlienVault,ip/domain,1.34.58.110,2025-07-24T19:53:42.380793
AlienVault,ip/domain,112.105.10.251,2025-07-24T19:53:42.380804
AlienVault,ip/domain,1.161.219.86,2025-07-24T19:53:42.380818
AlienVault,ip/domain,125.228.89.178,2025-07-24T19:53:42.380829
AlienVault,ip/domain,122.116.229.208,2025-07-24T19:53:42.380842
AlienVault,ip/domain,111.252.213.245,2025-07-24T19:53:42.380856
AlienVault,ip/domain,61.224.147.178,2025-07-24T19:53:42.380869
AlienVault,ip/domain,114.34.135.57,2025-07-24T19:53:42.380883
AlienVault,ip/domain,125.228.43.197,2025-07-24T19:53:42.380893
AlienVault,ip/domain,49.213.187.246,2025-07-24T19:53:42.380904
AlienVault,ip/domain,201.184.54.179,2025-07-24T19:53:42.380917
AlienVault,ip/domain,42.231.171.245,2025-07-24T19:53:42.380931
AlienVault,ip/domain,157.61.213.146,2025-07-24T19:53:42.380943
AlienVault,ip/domain,124.131.55.15,2025-07-24T19:53:42.380957
AlienVault,ip/domain,51.158.117.164,2025-07-24T19:53:42.380970
AlienVault,ip/domain,220.134.236.78,2025-07-24T19:53:42.380983
AlienVault,ip/domain,123.205.156.212,2025-07-24T19:53:42.380997
AlienVault,ip/domain,207.180.219.238,2025-07-24T19:53:42.381009
AlienVault,ip/domain,167.172.59.207,2025-07-24T19:53:42.381022
AlienVault,ip/domain,165.227.84.230,2025-07-24T19:53:42.381036
AlienVault,ip/domain,62.16.41.210,2025-07-24T19:53:42.381050
AlienVault,ip/domain,78.154.219.169,2025-07-24T19:53:42.381064
AlienVault,ip/domain,178.72.78.202,2025-07-24T19:53:42.381078
AlienVault,ip/domain,182.52.136.45,2025-07-24T19:53:42.381091
AlienVault,ip/domain,175.183.16.135,2025-07-24T19:53:42.381102
AlienVault,ip/domain,101.0.41.25,2025-07-24T19:53:42.381116
AlienVault,ip/domain,61.242.58.239,2025-07-24T19:53:42.381129
AlienVault,ip/domain,120.85.115.46,2025-07-24T19:53:42.381142
AlienVault,ip/domain,103.40.196.24,2025-07-24T19:53:42.381156
AlienVault,ip/domain,157.61.212.29,2025-07-24T19:53:42.381169
AlienVault,ip/domain,157.61.212.78,2025-07-24T19:53:42.381182
AlienVault,ip/domain,157.61.212.87,2025-07-24T19:53:42.381195
AlienVault,ip/domain,116.2.173.20,2025-07-24T19:53:42.381208
AlienVault,ip/domain,61.242.54.242,2025-07-24T19:53:42.381221
AlienVault,ip/domain,101.181.60.181,2025-07-24T19:53:42.381235
AlienVault,ip/domain,219.69.110.206,2025-07-24T19:53:42.381249
AlienVault,ip/domain,220.135.241.12,2025-07-24T19:53:42.381262
AlienVault,ip/domain,49.213.183.219,2025-07-24T19:53:42.381273
AlienVault,ip/domain,58.248.193.105,2025-07-24T19:53:42.381286
AlienVault,ip/domain,223.155.34.126,2025-07-24T19:53:42.381299
AlienVault,ip/domain,41.86.19.146,2025-07-24T19:53:42.381313
AlienVault,ip/domain,125.44.11.69,2025-07-24T19:53:42.381326
AlienVault,ip/domain,61.242.54.170,2025-07-24T19:53:42.381339
AlienVault,ip/domain,118.79.140.135,2025-07-24T19:53:42.381351
AlienVault,ip/domain,120.85.118.219,2025-07-24T19:53:42.381364
AlienVault,ip/domain,59.175.63.89,2025-07-24T19:53:42.381377
AlienVault,ip/domain,163.179.167.155,2025-07-24T19:53:42.381390
AlienVault,ip/domain,161.97.143.54,2025-07-24T19:53:42.381403
AlienVault,ip/domain,51.211.117.109,2025-07-24T19:53:42.381414
AlienVault,ip/domain,180.188.232.122,2025-07-24T19:53:42.381427
AlienVault,ip/domain,183.161.1.19,2025-07-24T19:53:42.381440
AlienVault,ip/domain,222.118.4.29,2025-07-24T19:53:42.381453
AlienVault,ip/domain,219.68.238.49,2025-07-24T19:53:42.381467
AlienVault,ip/domain,101.181.26.186,2025-07-24T19:53:42.381480
AlienVault,ip/domain,114.33.190.246,2025-07-24T19:53:42.381494
AlienVault,ip/domain,202.164.139.218,2025-07-24T19:53:42.381539
AlienVault,ip/domain,157.61.212.117,2025-07-24T19:53:42.381555
AlienVault,ip/domain,175.11.64.24,2025-07-24T19:53:42.381569
AlienVault,ip/domain,114.239.51.77,2025-07-24T19:53:42.381582
AlienVault,ip/domain,176.221.206.115,2025-07-24T19:53:42.381596
AlienVault,ip/domain,61.242.40.225,2025-07-24T19:53:42.381609
AlienVault,ip/domain,58.248.193.141,2025-07-24T19:53:42.381622
AlienVault,ip/domain,27.207.195.126,2025-07-24T19:53:42.381635
AlienVault,ip/domain,183.237.146.206,2025-07-24T19:53:42.381648
AlienVault,ip/domain,120.226.28.55,2025-07-24T19:53:42.381661
AlienVault,ip/domain,101.181.68.79,2025-07-24T19:53:42.381674
AlienVault,ip/domain,122.117.28.200,2025-07-24T19:53:42.381687
AlienVault,ip/domain,101.181.73.91,2025-07-24T19:53:42.381700
AlienVault,ip/domain,182.235.208.124,2025-07-24T19:53:42.381711
AlienVault,ip/domain,58.99.99.34,2025-07-24T19:53:42.381723
AlienVault,ip/domain,101.181.0.198,2025-07-24T19:53:42.381736
AlienVault,ip/domain,58.248.193.3,2025-07-24T19:53:42.381749
AlienVault,ip/domain,112.94.98.71,2025-07-24T19:53:42.381762
AlienVault,ip/domain,180.176.99.48,2025-07-24T19:53:42.381776
AlienVault,ip/domain,101.22.144.130,2025-07-24T19:53:42.381789
AlienVault,ip/domain,59.127.209.88,2025-07-24T19:53:42.381803
AlienVault,ip/domain,14.34.157.101,2025-07-24T19:53:42.381816
AlienVault,ip/domain,112.31.87.98,2025-07-24T19:53:42.381829
AlienVault,ip/domain,210.108.70.119,2025-07-24T19:53:42.381842
AlienVault,ip/domain,49.89.95.159,2025-07-24T19:53:42.381855
AlienVault,ip/domain,104.131.82.45,2025-07-24T19:53:42.381869
AlienVault,ip/domain,111.185.228.37,2025-07-24T19:53:42.381880
AlienVault,ip/domain,157.61.212.88,2025-07-24T19:53:42.381893
AlienVault,ip/domain,45.229.54.212,2025-07-24T19:53:42.381906
AlienVault,ip/domain,112.94.101.235,2025-07-24T19:53:42.381919
AlienVault,ip/domain,101.181.34.69,2025-07-24T19:53:42.381932
AlienVault,ip/domain,218.31.123.90,2025-07-24T19:53:42.381945
AlienVault,ip/domain,157.61.212.41,2025-07-24T19:53:42.381958
AlienVault,ip/domain,157.61.212.64,2025-07-24T19:53:42.381971
AlienVault,ip/domain,120.86.236.214,2025-07-24T19:53:42.381985
AlienVault,ip/domain,157.61.212.47,2025-07-24T19:53:42.382045
AlienVault,ip/domain,27.47.116.249,2025-07-24T19:53:42.382071
AlienVault,ip/domain,157.61.213.140,2025-07-24T19:53:42.382088
AlienVault,ip/domain,62.171.159.207,2025-07-24T19:53:42.382103
AlienVault,ip/domain,58.249.110.198,2025-07-24T19:53:42.382118
AlienVault,ip/domain,61.242.54.249,2025-07-24T19:53:42.382131
AlienVault,ip/domain,110.25.95.241,2025-07-24T19:53:42.382144
AlienVault,ip/domain,112.94.97.166,2025-07-24T19:53:42.382157
AlienVault,ip/domain,120.85.148.26,2025-07-24T19:53:42.382170
AlienVault,ip/domain,120.85.118.78,2025-07-24T19:53:42.382183
AlienVault,ip/domain,120.85.118.238,2025-07-24T19:53:42.382196
AlienVault,ip/domain,120.85.113.120,2025-07-24T19:53:42.382209
AlienVault,ip/domain,61.242.58.178,2025-07-24T19:53:42.382222
AlienVault,ip/domain,219.157.139.165,2025-07-24T19:53:42.382235
AlienVault,ip/domain,120.85.115.225,2025-07-24T19:53:42.382248
AlienVault,ip/domain,103.170.92.10,2025-07-24T19:53:42.382260
AlienVault,ip/domain,157.61.212.44,2025-07-24T19:53:42.382273
AlienVault,ip/domain,170.247.76.178,2025-07-24T19:53:42.382288
AlienVault,ip/domain,120.85.149.112,2025-07-24T19:53:42.382301
AlienVault,ip/domain,120.85.94.182,2025-07-24T19:53:42.382314
AlienVault,ip/domain,45.229.55.69,2025-07-24T19:53:42.382328
AlienVault,ip/domain,104.131.14.192,2025-07-24T19:53:42.382342
AlienVault,ip/domain,101.181.102.108,2025-07-24T19:53:42.382355
AlienVault,ip/domain,121.206.154.132,2025-07-24T19:53:42.382369
AlienVault,ip/domain,182.166.180.194,2025-07-24T19:53:42.382383
AlienVault,ip/domain,222.247.5.78,2025-07-24T19:53:42.382396
AlienVault,ip/domain,175.9.135.33,2025-07-24T19:53:42.382410
AlienVault,ip/domain,114.35.175.239,2025-07-24T19:53:42.382424
AlienVault,ip/domain,68.183.107.64,2025-07-24T19:53:42.382439
AlienVault,ip/domain,111.92.75.217,2025-07-24T19:53:42.382453
AlienVault,ip/domain,180.188.237.170,2025-07-24T19:53:42.382466
AlienVault,ip/domain,27.43.119.144,2025-07-24T19:53:42.382478
AlienVault,ip/domain,61.242.54.203,2025-07-24T19:53:42.382491
AlienVault,ip/domain,137.184.62.180,2025-07-24T19:53:42.382504
AlienVault,ip/domain,201.184.89.98,2025-07-24T19:53:42.382518
AlienVault,ip/domain,118.250.154.242,2025-07-24T19:53:42.382532
AlienVault,ip/domain,61.242.40.17,2025-07-24T19:53:42.382545
AlienVault,ip/domain,112.94.98.6,2025-07-24T19:53:42.382558
AlienVault,ip/domain,112.94.98.151,2025-07-24T19:53:42.382570
AlienVault,ip/domain,94.156.58.17,2025-07-24T19:53:42.382584
AlienVault,ip/domain,219.138.140.114,2025-07-24T19:53:42.382597
AlienVault,ip/domain,27.158.79.129,2025-07-24T19:53:42.382610
AlienVault,ip/domain,101.181.98.158,2025-07-24T19:53:42.382623
AlienVault,ip/domain,111.92.75.188,2025-07-24T19:53:42.382637
AlienVault,ip/domain,157.61.212.104,2025-07-24T19:53:42.382649
AlienVault,ip/domain,120.86.239.97,2025-07-24T19:53:42.382663
AlienVault,ip/domain,51.158.102.132,2025-07-24T19:53:42.382676
AlienVault,ip/domain,120.85.116.230,2025-07-24T19:53:42.382689
AlienVault,ip/domain,27.41.36.239,2025-07-24T19:53:42.382701
AlienVault,ip/domain,120.85.93.174,2025-07-24T19:53:42.382714
AlienVault,ip/domain,61.242.54.60,2025-07-24T19:53:42.382727
AlienVault,ip/domain,111.202.167.22,2025-07-24T19:53:42.382741
AlienVault,ip/domain,122.173.23.55,2025-07-24T19:53:42.382754
AlienVault,ip/domain,103.206.21.107,2025-07-24T19:53:42.382766
AlienVault,ip/domain,180.188.232.137,2025-07-24T19:53:42.382781
AlienVault,ip/domain,42.228.193.67,2025-07-24T19:53:42.382794
AlienVault,ip/domain,117.87.18.27,2025-07-24T19:53:42.382808
AlienVault,ip/domain,157.61.212.55,2025-07-24T19:53:42.382820
AlienVault,ip/domain,202.164.138.157,2025-07-24T19:53:42.382834
AlienVault,ip/domain,58.248.147.64,2025-07-24T19:53:42.382847
AlienVault,ip/domain,120.85.115.75,2025-07-24T19:53:42.382859
AlienVault,ip/domain,112.94.99.84,2025-07-24T19:53:42.382872
AlienVault,ip/domain,45.229.54.83,2025-07-24T19:53:42.382886
AlienVault,ip/domain,39.81.71.78,2025-07-24T19:53:42.382899
AlienVault,ip/domain,101.181.27.80,2025-07-24T19:53:42.382913
AlienVault,ip/domain,165.227.74.61,2025-07-24T19:53:42.382926
AlienVault,ip/domain,112.251.18.12,2025-07-24T19:53:42.382939
AlienVault,ip/domain,59.63.204.245,2025-07-24T19:53:42.382952
AlienVault,ip/domain,120.86.255.247,2025-07-24T19:53:42.382966
AlienVault,ip/domain,45.229.54.143,2025-07-24T19:53:42.382980
AlienVault,ip/domain,69.55.55.230,2025-07-24T19:53:42.382994
AlienVault,ip/domain,14.42.145.172,2025-07-24T19:53:42.383007
AlienVault,ip/domain,157.61.212.59,2025-07-24T19:53:42.383020
AlienVault,ip/domain,157.61.213.165,2025-07-24T19:53:42.383033
AlienVault,ip/domain,157.61.213.240,2025-07-24T19:53:42.383045
AlienVault,ip/domain,91.104.31.56,2025-07-24T19:53:42.383058
AlienVault,ip/domain,37.0.10.31,2025-07-24T19:53:42.383101
AlienVault,ip/domain,213.5.47.43,2025-07-24T19:53:42.383119
AlienVault,ip/domain,58.248.193.246,2025-07-24T19:53:42.383132
AlienVault,ip/domain,112.237.2.80,2025-07-24T19:53:42.383145
AlienVault,ip/domain,111.165.36.134,2025-07-24T19:53:42.383159
AlienVault,ip/domain,18.188.148.80,2025-07-24T19:53:42.383172
AlienVault,ip/domain,101.181.82.102,2025-07-24T19:53:42.383186
AlienVault,ip/domain,58.58.41.106,2025-07-24T19:53:42.383199
AlienVault,ip/domain,223.149.1.211,2025-07-24T19:53:42.383212
AlienVault,ip/domain,113.251.235.19,2025-07-24T19:53:42.383226
AlienVault,ip/domain,116.68.99.71,2025-07-24T19:53:42.383239
AlienVault,ip/domain,112.94.99.86,2025-07-24T19:53:42.383252
AlienVault,ip/domain,210.89.63.245,2025-07-24T19:53:42.383297
AlienVault,ip/domain,84.53.229.12,2025-07-24T19:53:42.383313
AlienVault,ip/domain,120.85.118.195,2025-07-24T19:53:42.383327
AlienVault,ip/domain,61.242.54.239,2025-07-24T19:53:42.383340
AlienVault,ip/domain,201.71.186.178,2025-07-24T19:53:42.383354
AlienVault,ip/domain,41.86.18.34,2025-07-24T19:53:42.383365
AlienVault,ip/domain,112.250.243.72,2025-07-24T19:53:42.383378
AlienVault,ip/domain,58.253.12.9,2025-07-24T19:53:42.383390
AlienVault,ip/domain,157.61.213.238,2025-07-24T19:53:42.383403
AlienVault,ip/domain,120.226.28.56,2025-07-24T19:53:42.383416
AlienVault,ip/domain,112.235.46.128,2025-07-24T19:53:42.383429
AlienVault,ip/domain,101.181.17.137,2025-07-24T19:53:42.383443
AlienVault,ip/domain,61.242.40.245,2025-07-24T19:53:42.383456
AlienVault,ip/domain,120.85.113.55,2025-07-24T19:53:42.383469
AlienVault,ip/domain,85.71.26.28,2025-07-24T19:53:42.383483
AlienVault,ip/domain,61.242.58.67,2025-07-24T19:53:42.383496
AlienVault,ip/domain,112.94.101.190,2025-07-24T19:53:42.383508
AlienVault,ip/domain,101.0.32.22,2025-07-24T19:53:42.383522
AlienVault,ip/domain,120.85.115.104,2025-07-24T19:53:42.383535
AlienVault,ip/domain,122.117.212.66,2025-07-24T19:53:42.383549
AlienVault,ip/domain,112.27.124.130,2025-07-24T19:53:42.383561
AlienVault,ip/domain,178.141.14.216,2025-07-24T19:53:42.383575
AlienVault,ip/domain,120.86.255.109,2025-07-24T19:53:42.383588
AlienVault,ip/domain,221.1.225.191,2025-07-24T19:53:42.383601
AlienVault,ip/domain,115.51.122.143,2025-07-24T19:53:42.383615
AlienVault,ip/domain,61.242.54.126,2025-07-24T19:53:42.383628
AlienVault,ip/domain,120.86.254.188,2025-07-24T19:53:42.383641
AlienVault,ip/domain,101.181.132.37,2025-07-24T19:53:42.383654
AlienVault,ip/domain,221.1.226.15,2025-07-24T19:53:42.383667
AlienVault,ip/domain,112.94.99.93,2025-07-24T19:53:42.383680
AlienVault,ip/domain,120.86.239.154,2025-07-24T19:53:42.383694
AlienVault,ip/domain,51.211.112.79,2025-07-24T19:53:42.383705
AlienVault,ip/domain,58.248.193.88,2025-07-24T19:53:42.383718
AlienVault,ip/domain,58.248.193.97,2025-07-24T19:53:42.383731
AlienVault,ip/domain,61.242.58.66,2025-07-24T19:53:42.383744
AlienVault,ip/domain,120.85.92.40,2025-07-24T19:53:42.383757
AlienVault,ip/domain,111.202.190.6,2025-07-24T19:53:42.383771
AlienVault,ip/domain,182.115.173.95,2025-07-24T19:53:42.383784
AlienVault,ip/domain,157.61.213.149,2025-07-24T19:53:42.383796
AlienVault,ip/domain,103.40.197.175,2025-07-24T19:53:42.383810
AlienVault,ip/domain,178.72.70.112,2025-07-24T19:53:42.383823
AlienVault,ip/domain,112.255.126.89,2025-07-24T19:53:42.383837
AlienVault,ip/domain,112.239.103.43,2025-07-24T19:53:42.383849
AlienVault,ip/domain,201.184.49.234,2025-07-24T19:53:42.383863
AlienVault,ip/domain,103.91.19.231,2025-07-24T19:53:42.383874
AlienVault,ip/domain,61.242.54.48,2025-07-24T19:53:42.383887
AlienVault,ip/domain,122.254.29.23,2025-07-24T19:53:42.383900
AlienVault,ip/domain,61.242.40.14,2025-07-24T19:53:42.383914
AlienVault,ip/domain,221.160.177.119,2025-07-24T19:53:42.383927
AlienVault,ip/domain,146.70.34.2,2025-07-24T19:53:42.383941
AlienVault,ip/domain,109.123.118.38,2025-07-24T19:53:42.383955
AlienVault,ip/domain,112.94.97.85,2025-07-24T19:53:42.383968
AlienVault,ip/domain,58.248.193.232,2025-07-24T19:53:42.383980
AlienVault,ip/domain,190.180.154.227,2025-07-24T19:53:42.383994
AlienVault,ip/domain,170.247.76.179,2025-07-24T19:53:42.384008
AlienVault,ip/domain,178.72.70.124,2025-07-24T19:53:42.384076
AlienVault,ip/domain,60.212.108.240,2025-07-24T19:53:42.384099
AlienVault,ip/domain,86.181.4.169,2025-07-24T19:53:42.384116
AlienVault,ip/domain,45.229.54.193,2025-07-24T19:53:42.384132
AlienVault,ip/domain,91.188.215.198,2025-07-24T19:53:42.384146
AlienVault,ip/domain,176.103.88.57,2025-07-24T19:53:42.384161
AlienVault,ip/domain,39.66.73.50,2025-07-24T19:53:42.384175
AlienVault,ip/domain,120.85.116.70,2025-07-24T19:53:42.384189
AlienVault,ip/domain,49.76.60.132,2025-07-24T19:53:42.384203
AlienVault,ip/domain,101.181.17.112,2025-07-24T19:53:42.384217
AlienVault,ip/domain,113.170.128.242,2025-07-24T19:53:42.384229
AlienVault,ip/domain,124.153.136.175,2025-07-24T19:53:42.384243
AlienVault,ip/domain,3.21.74.31,2025-07-24T19:53:42.384258
AlienVault,ip/domain,42.51.55.157,2025-07-24T19:53:42.384271
AlienVault,ip/domain,121.5.155.158,2025-07-24T19:53:42.384285
AlienVault,ip/domain,122.116.240.129,2025-07-24T19:53:42.384299
AlienVault,ip/domain,121.61.98.22,2025-07-24T19:53:42.384313
AlienVault,ip/domain,157.61.212.85,2025-07-24T19:53:42.384327
AlienVault,ip/domain,119.179.238.100,2025-07-24T19:53:42.384341
AlienVault,ip/domain,61.242.54.62,2025-07-24T19:53:42.384355
AlienVault,ip/domain,46.183.218.151,2025-07-24T19:53:42.384367
AlienVault,ip/domain,163.172.176.168,2025-07-24T19:53:42.384380
AlienVault,ip/domain,103.136.82.50,2025-07-24T19:53:42.384393
AlienVault,ip/domain,120.85.112.124,2025-07-24T19:53:42.384407
AlienVault,ip/domain,61.242.40.212,2025-07-24T19:53:42.384421
AlienVault,ip/domain,58.249.12.95,2025-07-24T19:53:42.384434
AlienVault,ip/domain,112.30.4.118,2025-07-24T19:53:42.384448
AlienVault,ip/domain,103.40.196.2,2025-07-24T19:53:42.384462
AlienVault,ip/domain,210.180.237.212,2025-07-24T19:53:42.384477
AlienVault,ip/domain,45.229.55.112,2025-07-24T19:53:42.384492
AlienVault,ip/domain,104.248.162.33,2025-07-24T19:53:42.384506
AlienVault,ip/domain,122.188.150.21,2025-07-24T19:53:42.384519
AlienVault,ip/domain,111.185.227.109,2025-07-24T19:53:42.384531
AlienVault,ip/domain,188.169.36.27,2025-07-24T19:53:42.384546
AlienVault,ip/domain,120.86.237.166,2025-07-24T19:53:42.384560
AlienVault,ip/domain,58.219.232.140,2025-07-24T19:53:42.384574
AlienVault,ip/domain,211.47.83.200,2025-07-24T19:53:42.384589
AlienVault,ip/domain,182.124.92.70,2025-07-24T19:53:42.384602
AlienVault,ip/domain,61.242.54.137,2025-07-24T19:53:42.384616
AlienVault,ip/domain,210.89.63.21,2025-07-24T19:53:42.384630
AlienVault,ip/domain,212.193.30.144,2025-07-24T19:53:42.384643
AlienVault,ip/domain,167.71.249.184,2025-07-24T19:53:42.384657
AlienVault,ip/domain,101.0.57.158,2025-07-24T19:53:42.384668
AlienVault,ip/domain,120.85.115.148,2025-07-24T19:53:42.384682
AlienVault,ip/domain,125.127.132.112,2025-07-24T19:53:42.384696
AlienVault,ip/domain,222.138.119.194,2025-07-24T19:53:42.384710
AlienVault,ip/domain,120.85.118.161,2025-07-24T19:53:42.384723
AlienVault,ip/domain,103.104.106.98,2025-07-24T19:53:42.384736
AlienVault,ip/domain,159.203.186.159,2025-07-24T19:53:42.384751
AlienVault,ip/domain,61.242.54.16,2025-07-24T19:53:42.384764
AlienVault,ip/domain,117.36.199.38,2025-07-24T19:53:42.384778
AlienVault,ip/domain,174.83.73.163,2025-07-24T19:53:42.384794
AlienVault,ip/domain,120.85.115.2,2025-07-24T19:53:42.384808
AlienVault,ip/domain,111.38.106.48,2025-07-24T19:53:42.384838
AlienVault,ip/domain,223.149.140.37,2025-07-24T19:53:42.384853
AlienVault,ip/domain,157.61.212.101,2025-07-24T19:53:42.384867
AlienVault,ip/domain,122.96.12.203,2025-07-24T19:53:42.384881
AlienVault,ip/domain,61.242.54.175,2025-07-24T19:53:42.384894
AlienVault,ip/domain,27.215.53.111,2025-07-24T19:53:42.384908
AlienVault,ip/domain,193.169.252.245,2025-07-24T19:53:42.384921
AlienVault,ip/domain,103.215.240.1,2025-07-24T19:53:42.384934
AlienVault,ip/domain,120.240.48.91,2025-07-24T19:53:42.384948
AlienVault,ip/domain,120.85.112.128,2025-07-24T19:53:42.384961
AlienVault,ip/domain,27.194.89.189,2025-07-24T19:53:42.384974
AlienVault,ip/domain,119.122.114.138,2025-07-24T19:53:42.384988
AlienVault,ip/domain,61.242.58.200,2025-07-24T19:53:42.385002
AlienVault,ip/domain,62.219.229.190,2025-07-24T19:53:42.385016
AlienVault,ip/domain,1.246.222.134,2025-07-24T19:53:42.385031
AlienVault,ip/domain,120.1.140.25,2025-07-24T19:53:42.385044
AlienVault,ip/domain,27.38.61.75,2025-07-24T19:53:42.385089
AlienVault,ip/domain,116.211.100.26,2025-07-24T19:53:42.385106
AlienVault,ip/domain,178.72.69.78,2025-07-24T19:53:42.385120
AlienVault,ip/domain,134.209.218.203,2025-07-24T19:53:42.385134
AlienVault,ip/domain,206.189.111.16,2025-07-24T19:53:42.385149
AlienVault,ip/domain,101.181.40.233,2025-07-24T19:53:42.385163
AlienVault,ip/domain,183.82.144.126,2025-07-24T19:53:42.385178
AlienVault,ip/domain,113.246.130.182,2025-07-24T19:53:42.385192
AlienVault,ip/domain,186.33.90.249,2025-07-24T19:53:42.385207
AlienVault,ip/domain,45.229.54.55,2025-07-24T19:53:42.385222
AlienVault,ip/domain,120.193.91.215,2025-07-24T19:53:42.385236
AlienVault,ip/domain,120.85.116.133,2025-07-24T19:53:42.385249
AlienVault,ip/domain,121.46.232.130,2025-07-24T19:53:42.385263
AlienVault,ip/domain,120.240.48.83,2025-07-24T19:53:42.385276
AlienVault,ip/domain,120.85.113.42,2025-07-24T19:53:42.385290
AlienVault,ip/domain,119.191.217.155,2025-07-24T19:53:42.385303
AlienVault,ip/domain,120.85.116.238,2025-07-24T19:53:42.385317
AlienVault,ip/domain,222.240.117.88,2025-07-24T19:53:42.385331
AlienVault,ip/domain,61.242.58.246,2025-07-24T19:53:42.385345
AlienVault,ip/domain,27.215.109.196,2025-07-24T19:53:42.385359
AlienVault,ip/domain,178.72.70.88,2025-07-24T19:53:42.385373
AlienVault,ip/domain,187.45.116.162,2025-07-24T19:53:42.385387
AlienVault,ip/domain,198.98.62.43,2025-07-24T19:53:42.385401
AlienVault,ip/domain,112.5.37.160,2025-07-24T19:53:42.385416
AlienVault,ip/domain,61.242.40.229,2025-07-24T19:53:42.385430
AlienVault,ip/domain,181.199.162.7,2025-07-24T19:53:42.385444
AlienVault,ip/domain,61.242.58.14,2025-07-24T19:53:42.385457
AlienVault,ip/domain,27.43.178.112,2025-07-24T19:53:42.385470
AlienVault,ip/domain,157.61.212.95,2025-07-24T19:53:42.385483
AlienVault,ip/domain,78.187.196.38,2025-07-24T19:53:42.385497
AlienVault,ip/domain,1.246.223.191,2025-07-24T19:53:42.385511
AlienVault,ip/domain,112.248.109.159,2025-07-24T19:53:42.385525
AlienVault,ip/domain,120.86.238.47,2025-07-24T19:53:42.385539
AlienVault,ip/domain,185.68.230.207,2025-07-24T19:53:42.385552
AlienVault,ip/domain,80.243.181.81,2025-07-24T19:53:42.385565
AlienVault,ip/domain,120.85.115.175,2025-07-24T19:53:42.385579
AlienVault,ip/domain,27.21.147.209,2025-07-24T19:53:42.385592
AlienVault,ip/domain,123.10.15.34,2025-07-24T19:53:42.385606
AlienVault,ip/domain,112.239.120.150,2025-07-24T19:53:42.385619
AlienVault,ip/domain,181.176.155.25,2025-07-24T19:53:42.385633
AlienVault,ip/domain,112.31.211.135,2025-07-24T19:53:42.385646
AlienVault,ip/domain,178.72.70.239,2025-07-24T19:53:42.385660
AlienVault,ip/domain,120.85.118.169,2025-07-24T19:53:42.385673
AlienVault,ip/domain,103.104.106.223,2025-07-24T19:53:42.385686
AlienVault,ip/domain,120.238.189.72,2025-07-24T19:53:42.385699
AlienVault,ip/domain,80.243.181.119,2025-07-24T19:53:42.385713
AlienVault,ip/domain,27.35.154.75,2025-07-24T19:53:42.386286
AlienVault,ip/domain,120.85.116.17,2025-07-24T19:53:42.386302
AlienVault,ip/domain,103.170.92.22,2025-07-24T19:53:42.386308
AlienVault,ip/domain,112.94.96.114,2025-07-24T19:53:42.386314
AlienVault,ip/domain,27.197.24.223,2025-07-24T19:53:42.386319
AlienVault,ip/domain,201.184.16.244,2025-07-24T19:53:42.386325
AlienVault,ip/domain,114.236.52.101,2025-07-24T19:53:42.386329
AlienVault,ip/domain,183.237.146.175,2025-07-24T19:53:42.386335
AlienVault,ip/domain,116.212.156.31,2025-07-24T19:53:42.386340
AlienVault,ip/domain,61.129.101.38,2025-07-24T19:53:42.386345
AlienVault,ip/domain,80.82.65.247,2025-07-24T19:53:42.386350
AlienVault,ip/domain,112.27.124.158,2025-07-24T19:53:42.386355
AlienVault,ip/domain,123.11.152.93,2025-07-24T19:53:42.386360
AlienVault,ip/domain,61.242.58.12,2025-07-24T19:53:42.386365
AlienVault,ip/domain,101.65.131.144,2025-07-24T19:53:42.386370
AlienVault,ip/domain,2.106.156.53,2025-07-24T19:53:42.386375
AlienVault,ip/domain,157.61.212.82,2025-07-24T19:53:42.386380
AlienVault,ip/domain,157.61.212.109,2025-07-24T19:53:42.386385
AlienVault,ip/domain,14.111.220.134,2025-07-24T19:53:42.386390
AlienVault,ip/domain,69.176.89.226,2025-07-24T19:53:42.386395
AlienVault,ip/domain,163.125.211.103,2025-07-24T19:53:42.386400
AlienVault,ip/domain,120.85.116.69,2025-07-24T19:53:42.386405
AlienVault,ip/domain,39.74.177.167,2025-07-24T19:53:42.386410
AlienVault,ip/domain,61.242.58.135,2025-07-24T19:53:42.386415
AlienVault,ip/domain,112.94.99.139,2025-07-24T19:53:42.386420
AlienVault,ip/domain,112.30.4.73,2025-07-24T19:53:42.386425
AlienVault,ip/domain,157.61.212.84,2025-07-24T19:53:42.386430
AlienVault,ip/domain,103.91.245.48,2025-07-24T19:53:42.386434
AlienVault,ip/domain,178.72.70.207,2025-07-24T19:53:42.386440
AlienVault,ip/domain,61.242.54.211,2025-07-24T19:53:42.386445
AlienVault,ip/domain,112.86.255.100,2025-07-24T19:53:42.386450
AlienVault,ip/domain,61.242.40.206,2025-07-24T19:53:42.386455
AlienVault,ip/domain,27.203.233.132,2025-07-24T19:53:42.386460
AlienVault,ip/domain,27.215.122.160,2025-07-24T19:53:42.386465
AlienVault,ip/domain,89.208.122.213,2025-07-24T19:53:42.386469
AlienVault,ip/domain,61.242.58.197,2025-07-24T19:53:42.386474
AlienVault,ip/domain,185.232.64.32,2025-07-24T19:53:42.386479
AlienVault,ip/domain,157.61.212.122,2025-07-24T19:53:42.386484
AlienVault,ip/domain,193.169.252.166,2025-07-24T19:53:42.386489
AlienVault,ip/domain,120.85.117.207,2025-07-24T19:53:42.386494
AlienVault,ip/domain,51.15.246.104,2025-07-24T19:53:42.386499
AlienVault,ip/domain,164.155.88.34,2025-07-24T19:53:42.386504
AlienVault,ip/domain,44.192.244.178,2025-07-24T19:53:42.386509
AlienVault,ip/domain,120.85.115.197,2025-07-24T19:53:42.386514
AlienVault,ip/domain,125.128.28.181,2025-07-24T19:53:42.386519
AlienVault,ip/domain,120.193.91.183,2025-07-24T19:53:42.386524
AlienVault,ip/domain,46.101.13.94,2025-07-24T19:53:42.386529
AlienVault,ip/domain,223.159.88.8,2025-07-24T19:53:42.386534
AlienVault,ip/domain,125.127.139.69,2025-07-24T19:53:42.386540
AlienVault,ip/domain,110.35.227.222,2025-07-24T19:53:42.386545
AlienVault,ip/domain,119.29.119.174,2025-07-24T19:53:42.386551
AlienVault,ip/domain,202.164.139.168,2025-07-24T19:53:42.386556
AlienVault,ip/domain,112.94.101.203,2025-07-24T19:53:42.386561
AlienVault,ip/domain,71.68.229.247,2025-07-24T19:53:42.386566
AlienVault,ip/domain,45.229.55.57,2025-07-24T19:53:42.386571
AlienVault,ip/domain,101.181.114.172,2025-07-24T19:53:42.386576
AlienVault,ip/domain,120.85.112.133,2025-07-24T19:53:42.386581
AlienVault,ip/domain,112.94.98.57,2025-07-24T19:53:42.386586
AlienVault,ip/domain,27.217.163.40,2025-07-24T19:53:42.386592
AlienVault,ip/domain,120.85.115.60,2025-07-24T19:53:42.386597
AlienVault,ip/domain,219.136.172.161,2025-07-24T19:53:42.386602
AlienVault,ip/domain,120.85.118.227,2025-07-24T19:53:42.386607
AlienVault,ip/domain,120.85.118.235,2025-07-24T19:53:42.386611
AlienVault,ip/domain,117.208.51.51,2025-07-24T19:53:42.386637
AlienVault,ip/domain,114.246.35.129,2025-07-24T19:53:42.386649
AlienVault,ip/domain,86.175.105.80,2025-07-24T19:53:42.386666
AlienVault,ip/domain,reputation.alienvault.com,2025-07-24T19:53:42.387769
AlienVault,ip/domain,49.143.32.6,2025-07-24T19:53:42.387804
AlienVault,ip/domain,222.77.181.28,2025-07-24T19:53:42.387817
AlienVault,ip/domain,180.151.24.60,2025-07-24T19:53:42.387830
AlienVault,ip/domain,157.61.212.1,2025-07-24T19:53:42.387842
AlienVault,ip/domain,70.50.152.130,2025-07-24T19:53:42.387854
AlienVault,ip/domain,193.169.252.158,2025-07-24T19:53:42.387865
AlienVault,ip/domain,100.27.42.242,2025-07-24T19:53:42.387876
AlienVault,ip/domain,100.27.42.243,2025-07-24T19:53:42.387888
AlienVault,ip/domain,100.27.42.244,2025-07-24T19:53:42.387899
AlienVault,ip/domain,100.27.42.241,2025-07-24T19:53:42.387910
AlienVault,ip/domain,156.251.136.4,2025-07-24T19:53:42.387922
AlienVault,ip/domain,103.231.172.42,2025-07-24T19:53:42.387934
AlienVault,ip/domain,185.128.41.50,2025-07-24T19:53:42.387945
AlienVault,ip/domain,45.146.164.110,2025-07-24T19:53:42.387956
AlienVault,ip/domain,4.71.37.45,2025-07-24T19:53:42.387968
AlienVault,ip/domain,4.71.37.46,2025-07-24T19:53:42.387980
AlienVault,ip/domain,210.13.110.60,2025-07-24T19:53:42.387991
AlienVault,ip/domain,103.40.172.173,2025-07-24T19:53:42.388002
AlienVault,ip/domain,203.248.175.71,2025-07-24T19:53:42.388013
AlienVault,ip/domain,203.248.175.72,2025-07-24T19:53:42.388023
AlienVault,ip/domain,216.4.95.61,2025-07-24T19:53:42.388034
AlienVault,ip/domain,140.206.86.124,2025-07-24T19:53:42.388045
AlienVault,ip/domain,216.4.95.62,2025-07-24T19:53:42.388056
AlienVault,ip/domain,103.40.172.189,2025-07-24T19:53:42.388067
AlienVault,ip/domain,202.129.58.130,2025-07-24T19:53:42.388077
AlienVault,ip/domain,46.4.123.15,2025-07-24T19:53:42.388088
AlienVault,ip/domain,59.63.207.69,2025-07-24T19:53:42.388100
AlienVault,ip/domain,80.14.216.204,2025-07-24T19:53:42.388110
AlienVault,ip/domain,43.251.99.6,2025-07-24T19:53:42.388122
AlienVault,ip/domain,64.39.108.94,2025-07-24T19:53:42.388133
AlienVault,ip/domain,78.142.18.56,2025-07-24T19:53:42.388144
AlienVault,ip/domain,58.248.193.50,2025-07-24T19:53:42.388156
AlienVault,ip/domain,81.250.169.249,2025-07-24T19:53:42.388167
AlienVault,ip/domain,24.188.100.85,2025-07-24T19:53:42.388178
AlienVault,ip/domain,51.15.228.117,2025-07-24T19:53:42.388189
AlienVault,ip/domain,122.147.62.76,2025-07-24T19:53:42.388199
AlienVault,ip/domain,62.4.14.198,2025-07-24T19:53:42.388210
AlienVault,ip/domain,202.164.139.229,2025-07-24T19:53:42.388222
AlienVault,ip/domain,120.85.114.164,2025-07-24T19:53:42.388232
AlienVault,ip/domain,103.37.3.58,2025-07-24T19:53:42.388243
AlienVault,ip/domain,112.27.124.145,2025-07-24T19:53:42.388254
AlienVault,ip/domain,120.85.113.253,2025-07-24T19:53:42.388265
AlienVault,ip/domain,61.242.58.104,2025-07-24T19:53:42.388275
AlienVault,ip/domain,111.92.116.45,2025-07-24T19:53:42.388287
AlienVault,ip/domain,120.226.28.53,2025-07-24T19:53:42.388298
AlienVault,ip/domain,27.199.237.162,2025-07-24T19:53:42.388308
AlienVault,ip/domain,157.61.213.174,2025-07-24T19:53:42.388319
AlienVault,ip/domain,223.130.31.57,2025-07-24T19:53:42.388331
AlienVault,ip/domain,123.12.23.5,2025-07-24T19:53:42.388341
AlienVault,ip/domain,218.29.126.53,2025-07-24T19:53:42.388352
AlienVault,ip/domain,101.181.104.241,2025-07-24T19:53:42.388363
AlienVault,ip/domain,27.38.61.120,2025-07-24T19:53:42.388374
AlienVault,ip/domain,119.165.111.147,2025-07-24T19:53:42.388386
AlienVault,ip/domain,178.18.254.229,2025-07-24T19:53:42.388397
AlienVault,ip/domain,119.191.160.221,2025-07-24T19:53:42.388407
AlienVault,ip/domain,61.242.58.47,2025-07-24T19:53:42.388418
AlienVault,ip/domain,181.199.170.222,2025-07-24T19:53:42.388429
AlienVault,ip/domain,120.85.114.188,2025-07-24T19:53:42.388440
AlienVault,ip/domain,178.72.76.2,2025-07-24T19:53:42.388452
AlienVault,ip/domain,41.86.18.165,2025-07-24T19:53:42.388462
AlienVault,ip/domain,110.251.198.23,2025-07-24T19:53:42.388473
AlienVault,ip/domain,178.72.78.156,2025-07-24T19:53:42.388484
AlienVault,ip/domain,61.242.54.214,2025-07-24T19:53:42.388497
AlienVault,ip/domain,175.183.4.23,2025-07-24T19:53:42.388507
AlienVault,ip/domain,61.219.98.43,2025-07-24T19:53:42.388518
AlienVault,ip/domain,122.147.22.146,2025-07-24T19:53:42.388529
AlienVault,ip/domain,118.161.210.248,2025-07-24T19:53:42.388540
AlienVault,ip/domain,125.228.90.229,2025-07-24T19:53:42.388550
AlienVault,ip/domain,220.133.64.233,2025-07-24T19:53:42.388561
AlienVault,ip/domain,182.155.120.143,2025-07-24T19:53:42.388571
AlienVault,ip/domain,222.253.45.141,2025-07-24T19:53:42.388580
AlienVault,ip/domain,61.242.54.5,2025-07-24T19:53:42.388591
AlienVault,ip/domain,120.193.91.190,2025-07-24T19:53:42.388602
AlienVault,ip/domain,49.89.93.21,2025-07-24T19:53:42.388613
AlienVault,ip/domain,211.149.191.209,2025-07-24T19:53:42.388624
AlienVault,ip/domain,14.241.244.250,2025-07-24T19:53:42.388634
AlienVault,ip/domain,120.86.238.188,2025-07-24T19:53:42.388645
AlienVault,ip/domain,221.231.169.141,2025-07-24T19:53:42.388656
AlienVault,ip/domain,51.211.24.160,2025-07-24T19:53:42.388666
AlienVault,ip/domain,61.152.197.56,2025-07-24T19:53:42.388676
AlienVault,ip/domain,157.61.213.179,2025-07-24T19:53:42.388687
AlienVault,ip/domain,201.184.54.180,2025-07-24T19:53:42.388698
AlienVault,ip/domain,27.217.243.163,2025-07-24T19:53:42.388710
AlienVault,ip/domain,157.61.212.111,2025-07-24T19:53:42.388721
AlienVault,ip/domain,93.112.152.134,2025-07-24T19:53:42.388731
AlienVault,ip/domain,115.58.202.92,2025-07-24T19:53:42.388742
AlienVault,ip/domain,110.89.11.143,2025-07-24T19:53:42.388753
AlienVault,ip/domain,45.229.54.199,2025-07-24T19:53:42.388765
AlienVault,ip/domain,176.111.173.139,2025-07-24T19:53:42.388776
AlienVault,ip/domain,61.0.168.149,2025-07-24T19:53:42.388787
AlienVault,ip/domain,59.63.204.76,2025-07-24T19:53:42.388799
AlienVault,ip/domain,192.3.194.202,2025-07-24T19:53:42.388810
AlienVault,ip/domain,65.108.11.163,2025-07-24T19:53:42.388821
AlienVault,ip/domain,212.129.26.4,2025-07-24T19:53:42.388833
AlienVault,ip/domain,112.27.124.111,2025-07-24T19:53:42.388844
AlienVault,ip/domain,79.170.30.142,2025-07-24T19:53:42.388855
AlienVault,ip/domain,41.86.5.232,2025-07-24T19:53:42.388866
AlienVault,ip/domain,203.176.129.73,2025-07-24T19:53:42.388878
AlienVault,ip/domain,89.40.73.14,2025-07-24T19:53:42.388887
AlienVault,ip/domain,185.191.32.158,2025-07-24T19:53:42.388898
AlienVault,ip/domain,201.184.64.238,2025-07-24T19:53:42.388910
AlienVault,ip/domain,176.111.173.122,2025-07-24T19:53:42.388921
AlienVault,ip/domain,157.61.212.57,2025-07-24T19:53:42.388931
AlienVault,ip/domain,51.158.108.237,2025-07-24T19:53:42.388942
AlienVault,ip/domain,95.137.248.182,2025-07-24T19:53:42.388952
AlienVault,ip/domain,103.170.92.5,2025-07-24T19:53:42.388961
AlienVault,ip/domain,18.117.69.135,2025-07-24T19:53:42.388973
AlienVault,ip/domain,78.188.240.230,2025-07-24T19:53:42.388983
AlienVault,ip/domain,61.242.40.204,2025-07-24T19:53:42.388994
AlienVault,ip/domain,125.168.147.202,2025-07-24T19:53:42.389006
AlienVault,ip/domain,109.116.204.63,2025-07-24T19:53:42.389016
AlienVault,ip/domain,42.115.33.98,2025-07-24T19:53:42.389028
AlienVault,ip/domain,103.119.55.151,2025-07-24T19:53:42.389039
AlienVault,ip/domain,184.58.233.179,2025-07-24T19:53:42.389050
AlienVault,ip/domain,93.65.23.221,2025-07-24T19:53:42.389062
AlienVault,ip/domain,103.170.92.7,2025-07-24T19:53:42.389072
AlienVault,ip/domain,195.208.154.9,2025-07-24T19:53:42.389083
AlienVault,ip/domain,177.149.164.24,2025-07-24T19:53:42.389095
AlienVault,ip/domain,117.240.142.212,2025-07-24T19:53:42.389107
AlienVault,ip/domain,93.51.27.113,2025-07-24T19:53:42.389118
AlienVault,ip/domain,81.214.72.215,2025-07-24T19:53:42.389129
AlienVault,ip/domain,58.248.193.132,2025-07-24T19:53:42.389140
AlienVault,ip/domain,157.61.212.37,2025-07-24T19:53:42.389150
AlienVault,ip/domain,119.224.91.233,2025-07-24T19:53:42.389162
AlienVault,ip/domain,161.22.34.116,2025-07-24T19:53:42.389482
AlienVault,ip/domain,78.186.248.243,2025-07-24T19:53:42.389506
AlienVault,ip/domain,49.89.90.173,2025-07-24T19:53:42.389519
AlienVault,ip/domain,51.158.64.113,2025-07-24T19:53:42.389532
AlienVault,ip/domain,1.246.222.20,2025-07-24T19:53:42.389545
AlienVault,ip/domain,201.184.54.178,2025-07-24T19:53:42.389557
AlienVault,ip/domain,91.234.62.231,2025-07-24T19:53:42.389569
AlienVault,ip/domain,188.169.174.166,2025-07-24T19:53:42.389581
AlienVault,ip/domain,86.161.0.86,2025-07-24T19:53:42.389594
AlienVault,ip/domain,83.138.53.128,2025-07-24T19:53:42.389758
AlienVault,ip/domain,125.63.105.55,2025-07-24T19:53:42.389777
AlienVault,ip/domain,103.40.197.24,2025-07-24T19:53:42.389792
AlienVault,ip/domain,160.124.138.190,2025-07-24T19:53:42.389803
AlienVault,ip/domain,163.172.140.20,2025-07-24T19:53:42.389853
AlienVault,ip/domain,27.159.92.181,2025-07-24T19:53:42.389866
AlienVault,ip/domain,186.250.115.93,2025-07-24T19:53:42.389881
AlienVault,ip/domain,45.248.192.48,2025-07-24T19:53:42.389894
AlienVault,ip/domain,101.0.57.60,2025-07-24T19:53:42.389905
AlienVault,ip/domain,120.85.114.64,2025-07-24T19:53:42.389917
AlienVault,ip/domain,120.85.114.146,2025-07-24T19:53:42.389929
AlienVault,ip/domain,175.10.19.32,2025-07-24T19:53:42.389942
AlienVault,ip/domain,163.125.211.144,2025-07-24T19:53:42.389955
AlienVault,ip/domain,61.242.54.49,2025-07-24T19:53:42.389967
AlienVault,ip/domain,210.89.63.231,2025-07-24T19:53:42.389979
AlienVault,ip/domain,49.89.62.252,2025-07-24T19:53:42.389991
AlienVault,ip/domain,70.50.155.251,2025-07-24T19:53:42.390004
AlienVault,ip/domain,115.62.58.10,2025-07-24T19:53:42.390017
AlienVault,ip/domain,117.204.149.200,2025-07-24T19:53:42.390029
AlienVault,ip/domain,185.191.246.45,2025-07-24T19:53:42.390041
AlienVault,ip/domain,120.85.97.71,2025-07-24T19:53:42.390053
AlienVault,ip/domain,103.170.92.11,2025-07-24T19:53:42.390064
AlienVault,ip/domain,120.85.172.249,2025-07-24T19:53:42.390075
AlienVault,ip/domain,1.246.222.234,2025-07-24T19:53:42.390088
AlienVault,ip/domain,58.249.87.78,2025-07-24T19:53:42.390099
AlienVault,ip/domain,51.158.125.226,2025-07-24T19:53:42.390112
AlienVault,ip/domain,125.224.126.41,2025-07-24T19:53:42.390124
AlienVault,ip/domain,1.34.226.50,2025-07-24T19:53:42.390136
AlienVault,ip/domain,36.228.50.77,2025-07-24T19:53:42.390148
AlienVault,ip/domain,115.165.221.95,2025-07-24T19:53:42.390160
AlienVault,ip/domain,220.143.33.129,2025-07-24T19:53:42.390172
AlienVault,ip/domain,185.142.239.135,2025-07-24T19:53:42.390184
AlienVault,ip/domain,27.194.122.23,2025-07-24T19:53:42.390196
AlienVault,ip/domain,120.85.115.49,2025-07-24T19:53:42.390208
AlienVault,ip/domain,120.86.237.94,2025-07-24T19:53:42.390220
AlienVault,ip/domain,59.126.96.5,2025-07-24T19:53:42.390233
AlienVault,ip/domain,49.158.196.18,2025-07-24T19:53:42.390243
AlienVault,ip/domain,114.33.64.24,2025-07-24T19:53:42.390255
AlienVault,ip/domain,218.161.106.26,2025-07-24T19:53:42.390268
AlienVault,ip/domain,114.35.194.18,2025-07-24T19:53:42.390280
AlienVault,ip/domain,23.247.108.44,2025-07-24T19:53:42.390293
AlienVault,ip/domain,114.36.34.63,2025-07-24T19:53:42.390305
AlienVault,ip/domain,114.41.226.96,2025-07-24T19:53:42.390317
AlienVault,ip/domain,123.110.213.41,2025-07-24T19:53:42.390328
AlienVault,ip/domain,106.104.116.79,2025-07-24T19:53:42.390340
AlienVault,ip/domain,220.134.206.134,2025-07-24T19:53:42.390353
AlienVault,ip/domain,1.173.242.161,2025-07-24T19:53:42.390363
AlienVault,ip/domain,220.134.64.169,2025-07-24T19:53:42.390376
AlienVault,ip/domain,86.157.2.211,2025-07-24T19:53:42.390389
AlienVault,ip/domain,220.135.135.44,2025-07-24T19:53:42.390401
AlienVault,ip/domain,125.228.33.211,2025-07-24T19:53:42.390411
AlienVault,ip/domain,36.231.35.185,2025-07-24T19:53:42.390424
AlienVault,ip/domain,1.171.103.192,2025-07-24T19:53:42.390436
AlienVault,ip/domain,114.35.131.161,2025-07-24T19:53:42.390447
AlienVault,ip/domain,60.244.133.195,2025-07-24T19:53:42.390457
AlienVault,ip/domain,117.95.137.93,2025-07-24T19:53:42.390470
AlienVault,ip/domain,27.215.114.223,2025-07-24T19:53:42.390481
AlienVault,ip/domain,163.125.211.119,2025-07-24T19:53:42.390494
AlienVault,ip/domain,163.204.211.80,2025-07-24T19:53:42.390505
AlienVault,ip/domain,120.86.236.217,2025-07-24T19:53:42.390518
AlienVault,ip/domain,112.6.221.37,2025-07-24T19:53:42.390530
AlienVault,ip/domain,120.86.254.133,2025-07-24T19:53:42.390542
AlienVault,ip/domain,1.34.58.110,2025-07-24T19:53:42.390555
AlienVault,ip/domain,112.105.10.251,2025-07-24T19:53:42.390565
AlienVault,ip/domain,1.161.219.86,2025-07-24T19:53:42.390577
AlienVault,ip/domain,125.228.89.178,2025-07-24T19:53:42.390588
AlienVault,ip/domain,122.116.229.208,2025-07-24T19:53:42.390600
AlienVault,ip/domain,111.252.213.245,2025-07-24T19:53:42.390612
AlienVault,ip/domain,61.224.147.178,2025-07-24T19:53:42.390624
AlienVault,ip/domain,114.34.135.57,2025-07-24T19:53:42.390636
AlienVault,ip/domain,125.228.43.197,2025-07-24T19:53:42.390647
AlienVault,ip/domain,49.213.187.246,2025-07-24T19:53:42.390657
AlienVault,ip/domain,201.184.54.179,2025-07-24T19:53:42.390669
AlienVault,ip/domain,42.231.171.245,2025-07-24T19:53:42.390681
AlienVault,ip/domain,157.61.213.146,2025-07-24T19:53:42.390693
AlienVault,ip/domain,124.131.55.15,2025-07-24T19:53:42.390705
AlienVault,ip/domain,51.158.117.164,2025-07-24T19:53:42.390717
AlienVault,ip/domain,220.134.236.78,2025-07-24T19:53:42.390730
AlienVault,ip/domain,123.205.156.212,2025-07-24T19:53:42.390742
AlienVault,ip/domain,207.180.219.238,2025-07-24T19:53:42.390753
AlienVault,ip/domain,167.172.59.207,2025-07-24T19:53:42.390765
AlienVault,ip/domain,165.227.84.230,2025-07-24T19:53:42.390778
AlienVault,ip/domain,62.16.41.210,2025-07-24T19:53:42.390791
AlienVault,ip/domain,78.154.219.169,2025-07-24T19:53:42.390803
AlienVault,ip/domain,178.72.78.202,2025-07-24T19:53:42.390816
AlienVault,ip/domain,182.52.136.45,2025-07-24T19:53:42.390828
AlienVault,ip/domain,175.183.16.135,2025-07-24T19:53:42.390838
AlienVault,ip/domain,101.0.41.25,2025-07-24T19:53:42.390851
AlienVault,ip/domain,61.242.58.239,2025-07-24T19:53:42.390863
AlienVault,ip/domain,120.85.115.46,2025-07-24T19:53:42.390875
AlienVault,ip/domain,103.40.196.24,2025-07-24T19:53:42.390888
AlienVault,ip/domain,157.61.212.29,2025-07-24T19:53:42.390899
AlienVault,ip/domain,157.61.212.78,2025-07-24T19:53:42.390911
AlienVault,ip/domain,157.61.212.87,2025-07-24T19:53:42.390923
AlienVault,ip/domain,116.2.173.20,2025-07-24T19:53:42.390935
AlienVault,ip/domain,61.242.54.242,2025-07-24T19:53:42.390947
AlienVault,ip/domain,101.181.60.181,2025-07-24T19:53:42.390960
AlienVault,ip/domain,219.69.110.206,2025-07-24T19:53:42.390973
AlienVault,ip/domain,220.135.241.12,2025-07-24T19:53:42.390986
AlienVault,ip/domain,49.213.183.219,2025-07-24T19:53:42.390996
AlienVault,ip/domain,58.248.193.105,2025-07-24T19:53:42.391008
AlienVault,ip/domain,223.155.34.126,2025-07-24T19:53:42.391020
AlienVault,ip/domain,41.86.19.146,2025-07-24T19:53:42.391033
AlienVault,ip/domain,125.44.11.69,2025-07-24T19:53:42.391047
AlienVault,ip/domain,61.242.54.170,2025-07-24T19:53:42.391059
AlienVault,ip/domain,118.79.140.135,2025-07-24T19:53:42.391153
AlienVault,ip/domain,120.85.118.219,2025-07-24T19:53:42.391180
AlienVault,ip/domain,59.175.63.89,2025-07-24T19:53:42.391198
AlienVault,ip/domain,163.179.167.155,2025-07-24T19:53:42.391213
AlienVault,ip/domain,161.97.143.54,2025-07-24T19:53:42.391228
AlienVault,ip/domain,51.211.117.109,2025-07-24T19:53:42.391241
AlienVault,ip/domain,180.188.232.122,2025-07-24T19:53:42.391255
AlienVault,ip/domain,183.161.1.19,2025-07-24T19:53:42.391269
AlienVault,ip/domain,222.118.4.29,2025-07-24T19:53:42.391282
AlienVault,ip/domain,219.68.238.49,2025-07-24T19:53:42.391296
AlienVault,ip/domain,101.181.26.186,2025-07-24T19:53:42.391310
AlienVault,ip/domain,114.33.190.246,2025-07-24T19:53:42.391324
AlienVault,ip/domain,202.164.139.218,2025-07-24T19:53:42.392271
AlienVault,ip/domain,157.61.212.117,2025-07-24T19:53:42.392304
AlienVault,ip/domain,175.11.64.24,2025-07-24T19:53:42.392318
AlienVault,ip/domain,114.239.51.77,2025-07-24T19:53:42.392331
AlienVault,ip/domain,176.221.206.115,2025-07-24T19:53:42.392343
AlienVault,ip/domain,61.242.40.225,2025-07-24T19:53:42.392355
AlienVault,ip/domain,58.248.193.141,2025-07-24T19:53:42.392366
AlienVault,ip/domain,27.207.195.126,2025-07-24T19:53:42.392377
AlienVault,ip/domain,183.237.146.206,2025-07-24T19:53:42.392389
AlienVault,ip/domain,120.226.28.55,2025-07-24T19:53:42.392400
AlienVault,ip/domain,101.181.68.79,2025-07-24T19:53:42.392411
AlienVault,ip/domain,122.117.28.200,2025-07-24T19:53:42.392423
AlienVault,ip/domain,101.181.73.91,2025-07-24T19:53:42.392434
AlienVault,ip/domain,182.235.208.124,2025-07-24T19:53:42.392445
AlienVault,ip/domain,58.99.99.34,2025-07-24T19:53:42.392455
AlienVault,ip/domain,101.181.0.198,2025-07-24T19:53:42.392467
AlienVault,ip/domain,58.248.193.3,2025-07-24T19:53:42.392478
AlienVault,ip/domain,112.94.98.71,2025-07-24T19:53:42.392489
AlienVault,ip/domain,180.176.99.48,2025-07-24T19:53:42.392501
AlienVault,ip/domain,101.22.144.130,2025-07-24T19:53:42.392512
AlienVault,ip/domain,59.127.209.88,2025-07-24T19:53:42.392523
AlienVault,ip/domain,14.34.157.101,2025-07-24T19:53:42.392535
AlienVault,ip/domain,112.31.87.98,2025-07-24T19:53:42.392546
AlienVault,ip/domain,210.108.70.119,2025-07-24T19:53:42.392557
AlienVault,ip/domain,49.89.95.159,2025-07-24T19:53:42.392568
AlienVault,ip/domain,104.131.82.45,2025-07-24T19:53:42.392579
AlienVault,ip/domain,111.185.228.37,2025-07-24T19:53:42.392589
AlienVault,ip/domain,157.61.212.88,2025-07-24T19:53:42.392600
AlienVault,ip/domain,45.229.54.212,2025-07-24T19:53:42.392612
AlienVault,ip/domain,112.94.101.235,2025-07-24T19:53:42.392623
AlienVault,ip/domain,101.181.34.69,2025-07-24T19:53:42.392634
AlienVault,ip/domain,218.31.123.90,2025-07-24T19:53:42.392645
AlienVault,ip/domain,157.61.212.41,2025-07-24T19:53:42.392656
AlienVault,ip/domain,157.61.212.64,2025-07-24T19:53:42.392667
AlienVault,ip/domain,120.86.236.214,2025-07-24T19:53:42.392679
AlienVault,ip/domain,157.61.212.47,2025-07-24T19:53:42.392690
AlienVault,ip/domain,27.47.116.249,2025-07-24T19:53:42.392701
AlienVault,ip/domain,157.61.213.140,2025-07-24T19:53:42.392712
AlienVault,ip/domain,62.171.159.207,2025-07-24T19:53:42.392724
AlienVault,ip/domain,58.249.110.198,2025-07-24T19:53:42.392734
AlienVault,ip/domain,61.242.54.249,2025-07-24T19:53:42.392745
AlienVault,ip/domain,110.25.95.241,2025-07-24T19:53:42.392755
AlienVault,ip/domain,112.94.97.166,2025-07-24T19:53:42.392766
AlienVault,ip/domain,120.85.148.26,2025-07-24T19:53:42.392777
AlienVault,ip/domain,120.85.118.78,2025-07-24T19:53:42.392788
AlienVault,ip/domain,120.85.118.238,2025-07-24T19:53:42.392799
AlienVault,ip/domain,120.85.113.120,2025-07-24T19:53:42.392810
AlienVault,ip/domain,61.242.58.178,2025-07-24T19:53:42.392821
AlienVault,ip/domain,219.157.139.165,2025-07-24T19:53:42.392832
AlienVault,ip/domain,120.85.115.225,2025-07-24T19:53:42.392843
AlienVault,ip/domain,103.170.92.10,2025-07-24T19:53:42.392853
AlienVault,ip/domain,157.61.212.44,2025-07-24T19:53:42.392865
AlienVault,ip/domain,170.247.76.178,2025-07-24T19:53:42.392877
AlienVault,ip/domain,120.85.149.112,2025-07-24T19:53:42.392888
AlienVault,ip/domain,120.85.94.182,2025-07-24T19:53:42.392899
AlienVault,ip/domain,45.229.55.69,2025-07-24T19:53:42.392911
AlienVault,ip/domain,104.131.14.192,2025-07-24T19:53:42.392922
AlienVault,ip/domain,101.181.102.108,2025-07-24T19:53:42.392934
AlienVault,ip/domain,121.206.154.132,2025-07-24T19:53:42.392945
AlienVault,ip/domain,182.166.180.194,2025-07-24T19:53:42.392957
AlienVault,ip/domain,222.247.5.78,2025-07-24T19:53:42.392968
AlienVault,ip/domain,175.9.135.33,2025-07-24T19:53:42.392980
AlienVault,ip/domain,114.35.175.239,2025-07-24T19:53:42.392992
AlienVault,ip/domain,68.183.107.64,2025-07-24T19:53:42.393004
AlienVault,ip/domain,111.92.75.217,2025-07-24T19:53:42.393016
AlienVault,ip/domain,180.188.237.170,2025-07-24T19:53:42.393028
AlienVault,ip/domain,27.43.119.144,2025-07-24T19:53:42.393039
AlienVault,ip/domain,61.242.54.203,2025-07-24T19:53:42.393050
AlienVault,ip/domain,137.184.62.180,2025-07-24T19:53:42.393061
AlienVault,ip/domain,201.184.89.98,2025-07-24T19:53:42.393073
AlienVault,ip/domain,118.250.154.242,2025-07-24T19:53:42.393084
AlienVault,ip/domain,61.242.40.17,2025-07-24T19:53:42.393095
AlienVault,ip/domain,112.94.98.6,2025-07-24T19:53:42.393106
AlienVault,ip/domain,112.94.98.151,2025-07-24T19:53:42.393117
AlienVault,ip/domain,94.156.58.17,2025-07-24T19:53:42.393129
AlienVault,ip/domain,219.138.140.114,2025-07-24T19:53:42.393140
AlienVault,ip/domain,27.158.79.129,2025-07-24T19:53:42.393152
AlienVault,ip/domain,101.181.98.158,2025-07-24T19:53:42.393163
AlienVault,ip/domain,111.92.75.188,2025-07-24T19:53:42.393175
AlienVault,ip/domain,157.61.212.104,2025-07-24T19:53:42.393186
AlienVault,ip/domain,120.86.239.97,2025-07-24T19:53:42.393297
AlienVault,ip/domain,51.158.102.132,2025-07-24T19:53:42.393323
AlienVault,ip/domain,120.85.116.230,2025-07-24T19:53:42.393338
AlienVault,ip/domain,27.41.36.239,2025-07-24T19:53:42.393350
AlienVault,ip/domain,120.85.93.174,2025-07-24T19:53:42.393362
AlienVault,ip/domain,61.242.54.60,2025-07-24T19:53:42.393374
AlienVault,ip/domain,111.202.167.22,2025-07-24T19:53:42.393387
AlienVault,ip/domain,122.173.23.55,2025-07-24T19:53:42.393400
AlienVault,ip/domain,103.206.21.107,2025-07-24T19:53:42.393412
AlienVault,ip/domain,180.188.232.137,2025-07-24T19:53:42.393425
AlienVault,ip/domain,42.228.193.67,2025-07-24T19:53:42.393437
AlienVault,ip/domain,117.87.18.27,2025-07-24T19:53:42.393450
AlienVault,ip/domain,157.61.212.55,2025-07-24T19:53:42.393461
AlienVault,ip/domain,202.164.138.157,2025-07-24T19:53:42.393473
AlienVault,ip/domain,58.248.147.64,2025-07-24T19:53:42.393485
AlienVault,ip/domain,120.85.115.75,2025-07-24T19:53:42.393497
AlienVault,ip/domain,112.94.99.84,2025-07-24T19:53:42.393508
AlienVault,ip/domain,45.229.54.83,2025-07-24T19:53:42.393521
AlienVault,ip/domain,39.81.71.78,2025-07-24T19:53:42.393532
AlienVault,ip/domain,101.181.27.80,2025-07-24T19:53:42.393545
AlienVault,ip/domain,165.227.74.61,2025-07-24T19:53:42.393557
AlienVault,ip/domain,112.251.18.12,2025-07-24T19:53:42.393568
AlienVault,ip/domain,59.63.204.245,2025-07-24T19:53:42.393580
AlienVault,ip/domain,120.86.255.247,2025-07-24T19:53:42.393592
AlienVault,ip/domain,45.229.54.143,2025-07-24T19:53:42.393605
AlienVault,ip/domain,69.55.55.230,2025-07-24T19:53:42.393618
AlienVault,ip/domain,14.42.145.172,2025-07-24T19:53:42.393630
AlienVault,ip/domain,157.61.212.59,2025-07-24T19:53:42.393641
AlienVault,ip/domain,157.61.213.165,2025-07-24T19:53:42.393653
AlienVault,ip/domain,157.61.213.240,2025-07-24T19:53:42.393664
AlienVault,ip/domain,91.104.31.56,2025-07-24T19:53:42.393676
AlienVault,ip/domain,37.0.10.31,2025-07-24T19:53:42.393687
AlienVault,ip/domain,213.5.47.43,2025-07-24T19:53:42.393702
AlienVault,ip/domain,58.248.193.246,2025-07-24T19:53:42.393714
AlienVault,ip/domain,112.237.2.80,2025-07-24T19:53:42.393726
AlienVault,ip/domain,111.165.36.134,2025-07-24T19:53:42.393738
AlienVault,ip/domain,18.188.148.80,2025-07-24T19:53:42.393751
AlienVault,ip/domain,101.181.82.102,2025-07-24T19:53:42.393762
AlienVault,ip/domain,58.58.41.106,2025-07-24T19:53:42.393774
AlienVault,ip/domain,223.149.1.211,2025-07-24T19:53:42.393786
AlienVault,ip/domain,113.251.235.19,2025-07-24T19:53:42.393799
AlienVault,ip/domain,116.68.99.71,2025-07-24T19:53:42.393855
AlienVault,ip/domain,112.94.99.86,2025-07-24T19:53:42.393886
AlienVault,ip/domain,210.89.63.245,2025-07-24T19:53:42.393947
AlienVault,ip/domain,84.53.229.12,2025-07-24T19:53:42.393964
AlienVault,ip/domain,120.85.118.195,2025-07-24T19:53:42.393978
AlienVault,ip/domain,61.242.54.239,2025-07-24T19:53:42.393991
AlienVault,ip/domain,201.71.186.178,2025-07-24T19:53:42.394005
AlienVault,ip/domain,41.86.18.34,2025-07-24T19:53:42.394016
AlienVault,ip/domain,112.250.243.72,2025-07-24T19:53:42.394029
AlienVault,ip/domain,58.253.12.9,2025-07-24T19:53:42.394041
AlienVault,ip/domain,157.61.213.238,2025-07-24T19:53:42.394054
AlienVault,ip/domain,120.226.28.56,2025-07-24T19:53:42.394066
AlienVault,ip/domain,112.235.46.128,2025-07-24T19:53:42.394080
AlienVault,ip/domain,101.181.17.137,2025-07-24T19:53:42.394093
AlienVault,ip/domain,61.242.40.245,2025-07-24T19:53:42.394106
AlienVault,ip/domain,120.85.113.55,2025-07-24T19:53:42.394118
AlienVault,ip/domain,85.71.26.28,2025-07-24T19:53:42.394132
AlienVault,ip/domain,61.242.58.67,2025-07-24T19:53:42.394144
AlienVault,ip/domain,112.94.101.190,2025-07-24T19:53:42.394157
AlienVault,ip/domain,101.0.32.22,2025-07-24T19:53:42.394170
AlienVault,ip/domain,120.85.115.104,2025-07-24T19:53:42.394183
AlienVault,ip/domain,122.117.212.66,2025-07-24T19:53:42.394197
AlienVault,ip/domain,112.27.124.130,2025-07-24T19:53:42.394209
AlienVault,ip/domain,178.141.14.216,2025-07-24T19:53:42.394222
AlienVault,ip/domain,120.86.255.109,2025-07-24T19:53:42.394235
AlienVault,ip/domain,221.1.225.191,2025-07-24T19:53:42.394248
AlienVault,ip/domain,115.51.122.143,2025-07-24T19:53:42.394262
AlienVault,ip/domain,61.242.54.126,2025-07-24T19:53:42.394274
AlienVault,ip/domain,120.86.254.188,2025-07-24T19:53:42.394288
AlienVault,ip/domain,101.181.132.37,2025-07-24T19:53:42.394301
AlienVault,ip/domain,221.1.226.15,2025-07-24T19:53:42.394313
AlienVault,ip/domain,112.94.99.93,2025-07-24T19:53:42.394326
AlienVault,ip/domain,120.86.239.154,2025-07-24T19:53:42.394340
AlienVault,ip/domain,51.211.112.79,2025-07-24T19:53:42.394351
AlienVault,ip/domain,58.248.193.88,2025-07-24T19:53:42.394363
AlienVault,ip/domain,58.248.193.97,2025-07-24T19:53:42.394375
AlienVault,ip/domain,61.242.58.66,2025-07-24T19:53:42.394388
AlienVault,ip/domain,120.85.92.40,2025-07-24T19:53:42.394400
AlienVault,ip/domain,111.202.190.6,2025-07-24T19:53:42.394413
AlienVault,ip/domain,182.115.173.95,2025-07-24T19:53:42.394426
AlienVault,ip/domain,157.61.213.149,2025-07-24T19:53:42.394438
AlienVault,ip/domain,103.40.197.175,2025-07-24T19:53:42.394451
AlienVault,ip/domain,178.72.70.112,2025-07-24T19:53:42.394465
AlienVault,ip/domain,112.255.126.89,2025-07-24T19:53:42.394478
AlienVault,ip/domain,112.239.103.43,2025-07-24T19:53:42.394490
AlienVault,ip/domain,201.184.49.234,2025-07-24T19:53:42.394503
AlienVault,ip/domain,103.91.19.231,2025-07-24T19:53:42.394514
AlienVault,ip/domain,61.242.54.48,2025-07-24T19:53:42.394526
AlienVault,ip/domain,122.254.29.23,2025-07-24T19:53:42.394539
AlienVault,ip/domain,61.242.40.14,2025-07-24T19:53:42.394552
AlienVault,ip/domain,221.160.177.119,2025-07-24T19:53:42.394565
AlienVault,ip/domain,146.70.34.2,2025-07-24T19:53:42.394578
AlienVault,ip/domain,109.123.118.38,2025-07-24T19:53:42.394591
AlienVault,ip/domain,112.94.97.85,2025-07-24T19:53:42.394604
AlienVault,ip/domain,58.248.193.232,2025-07-24T19:53:42.394617
AlienVault,ip/domain,190.180.154.227,2025-07-24T19:53:42.394630
AlienVault,ip/domain,170.247.76.179,2025-07-24T19:53:42.394644
AlienVault,ip/domain,178.72.70.124,2025-07-24T19:53:42.394657
AlienVault,ip/domain,60.212.108.240,2025-07-24T19:53:42.394670
AlienVault,ip/domain,86.181.4.169,2025-07-24T19:53:42.394684
AlienVault,ip/domain,45.229.54.193,2025-07-24T19:53:42.394697
AlienVault,ip/domain,91.188.215.198,2025-07-24T19:53:42.394710
AlienVault,ip/domain,176.103.88.57,2025-07-24T19:53:42.394723
AlienVault,ip/domain,39.66.73.50,2025-07-24T19:53:42.394736
AlienVault,ip/domain,120.85.116.70,2025-07-24T19:53:42.394749
AlienVault,ip/domain,49.76.60.132,2025-07-24T19:53:42.394762
AlienVault,ip/domain,101.181.17.112,2025-07-24T19:53:42.394775
AlienVault,ip/domain,113.170.128.242,2025-07-24T19:53:42.394786
AlienVault,ip/domain,124.153.136.175,2025-07-24T19:53:42.394798
AlienVault,ip/domain,3.21.74.31,2025-07-24T19:53:42.394812
AlienVault,ip/domain,42.51.55.157,2025-07-24T19:53:42.394824
AlienVault,ip/domain,121.5.155.158,2025-07-24T19:53:42.394837
AlienVault,ip/domain,122.116.240.129,2025-07-24T19:53:42.394850
AlienVault,ip/domain,121.61.98.22,2025-07-24T19:53:42.394863
AlienVault,ip/domain,157.61.212.85,2025-07-24T19:53:42.394875
AlienVault,ip/domain,119.179.238.100,2025-07-24T19:53:42.394888
AlienVault,ip/domain,61.242.54.62,2025-07-24T19:53:42.394900
AlienVault,ip/domain,46.183.218.151,2025-07-24T19:53:42.394911
AlienVault,ip/domain,163.172.176.168,2025-07-24T19:53:42.394923
AlienVault,ip/domain,103.136.82.50,2025-07-24T19:53:42.394935
AlienVault,ip/domain,120.85.112.124,2025-07-24T19:53:42.394948
AlienVault,ip/domain,61.242.40.212,2025-07-24T19:53:42.394960
AlienVault,ip/domain,58.249.12.95,2025-07-24T19:53:42.394972
AlienVault,ip/domain,112.30.4.118,2025-07-24T19:53:42.394985
AlienVault,ip/domain,103.40.196.2,2025-07-24T19:53:42.394998
AlienVault,ip/domain,210.180.237.212,2025-07-24T19:53:42.395011
AlienVault,ip/domain,45.229.55.112,2025-07-24T19:53:42.395024
AlienVault,ip/domain,104.248.162.33,2025-07-24T19:53:42.395037
AlienVault,ip/domain,122.188.150.21,2025-07-24T19:53:42.395050
AlienVault,ip/domain,111.185.227.109,2025-07-24T19:53:42.395060
AlienVault,ip/domain,188.169.36.27,2025-07-24T19:53:42.395073
AlienVault,ip/domain,120.86.237.166,2025-07-24T19:53:42.395086
AlienVault,ip/domain,58.219.232.140,2025-07-24T19:53:42.395100
AlienVault,ip/domain,211.47.83.200,2025-07-24T19:53:42.395113
AlienVault,ip/domain,182.124.92.70,2025-07-24T19:53:42.395126
AlienVault,ip/domain,61.242.54.137,2025-07-24T19:53:42.395139
AlienVault,ip/domain,210.89.63.21,2025-07-24T19:53:42.395152
AlienVault,ip/domain,212.193.30.144,2025-07-24T19:53:42.395263
AlienVault,ip/domain,167.71.249.184,2025-07-24T19:53:42.395292
AlienVault,ip/domain,101.0.57.158,2025-07-24T19:53:42.395307
AlienVault,ip/domain,120.85.115.148,2025-07-24T19:53:42.395322
AlienVault,ip/domain,125.127.132.112,2025-07-24T19:53:42.395337
AlienVault,ip/domain,222.138.119.194,2025-07-24T19:53:42.395351
AlienVault,ip/domain,120.85.118.161,2025-07-24T19:53:42.395364
AlienVault,ip/domain,103.104.106.98,2025-07-24T19:53:42.395377
AlienVault,ip/domain,159.203.186.159,2025-07-24T19:53:42.395392
AlienVault,ip/domain,61.242.54.16,2025-07-24T19:53:42.395406
AlienVault,ip/domain,117.36.199.38,2025-07-24T19:53:42.395419
AlienVault,ip/domain,174.83.73.163,2025-07-24T19:53:42.395434
AlienVault,ip/domain,120.85.115.2,2025-07-24T19:53:42.395448
AlienVault,ip/domain,111.38.106.48,2025-07-24T19:53:42.395461
AlienVault,ip/domain,223.149.140.37,2025-07-24T19:53:42.395475
AlienVault,ip/domain,157.61.212.101,2025-07-24T19:53:42.395488
AlienVault,ip/domain,122.96.12.203,2025-07-24T19:53:42.395502
AlienVault,ip/domain,61.242.54.175,2025-07-24T19:53:42.395515
AlienVault,ip/domain,27.215.53.111,2025-07-24T19:53:42.395529
AlienVault,ip/domain,193.169.252.245,2025-07-24T19:53:42.395542
AlienVault,ip/domain,103.215.240.1,2025-07-24T19:53:42.395555
AlienVault,ip/domain,120.240.48.91,2025-07-24T19:53:42.395569
AlienVault,ip/domain,120.85.112.128,2025-07-24T19:53:42.395583
AlienVault,ip/domain,27.194.89.189,2025-07-24T19:53:42.395596
AlienVault,ip/domain,119.122.114.138,2025-07-24T19:53:42.395610
AlienVault,ip/domain,61.242.58.200,2025-07-24T19:53:42.395623
AlienVault,ip/domain,62.219.229.190,2025-07-24T19:53:42.395637
AlienVault,ip/domain,1.246.222.134,2025-07-24T19:53:42.395651
AlienVault,ip/domain,120.1.140.25,2025-07-24T19:53:42.395664
AlienVault,ip/domain,27.38.61.75,2025-07-24T19:53:42.395711
AlienVault,ip/domain,116.211.100.26,2025-07-24T19:53:42.395728
AlienVault,ip/domain,178.72.69.78,2025-07-24T19:53:42.395742
AlienVault,ip/domain,134.209.218.203,2025-07-24T19:53:42.395756
AlienVault,ip/domain,206.189.111.16,2025-07-24T19:53:42.395770
AlienVault,ip/domain,101.181.40.233,2025-07-24T19:53:42.395783
AlienVault,ip/domain,183.82.144.126,2025-07-24T19:53:42.395797
AlienVault,ip/domain,113.246.130.182,2025-07-24T19:53:42.395811
AlienVault,ip/domain,186.33.90.249,2025-07-24T19:53:42.395826
AlienVault,ip/domain,45.229.54.55,2025-07-24T19:53:42.395950
AlienVault,ip/domain,120.193.91.215,2025-07-24T19:53:42.395975
AlienVault,ip/domain,120.85.116.133,2025-07-24T19:53:42.395992
AlienVault,ip/domain,121.46.232.130,2025-07-24T19:53:42.396007
AlienVault,ip/domain,120.240.48.83,2025-07-24T19:53:42.396021
AlienVault,ip/domain,120.85.113.42,2025-07-24T19:53:42.396036
AlienVault,ip/domain,119.191.217.155,2025-07-24T19:53:42.396050
AlienVault,ip/domain,120.85.116.238,2025-07-24T19:53:42.396064
AlienVault,ip/domain,222.240.117.88,2025-07-24T19:53:42.396079
AlienVault,ip/domain,61.242.58.246,2025-07-24T19:53:42.396092
AlienVault,ip/domain,27.215.109.196,2025-07-24T19:53:42.396106
AlienVault,ip/domain,178.72.70.88,2025-07-24T19:53:42.396121
AlienVault,ip/domain,187.45.116.162,2025-07-24T19:53:42.396136
AlienVault,ip/domain,198.98.62.43,2025-07-24T19:53:42.396151
AlienVault,ip/domain,112.5.37.160,2025-07-24T19:53:42.396165
AlienVault,ip/domain,61.242.40.229,2025-07-24T19:53:42.396179
AlienVault,ip/domain,181.199.162.7,2025-07-24T19:53:42.396194
AlienVault,ip/domain,61.242.58.14,2025-07-24T19:53:42.396208
AlienVault,ip/domain,27.43.178.112,2025-07-24T19:53:42.396220
AlienVault,ip/domain,157.61.212.95,2025-07-24T19:53:42.396234
AlienVault,ip/domain,78.187.196.38,2025-07-24T19:53:42.396248
AlienVault,ip/domain,1.246.223.191,2025-07-24T19:53:42.396263
AlienVault,ip/domain,112.248.109.159,2025-07-24T19:53:42.396276
AlienVault,ip/domain,120.86.238.47,2025-07-24T19:53:42.396290
AlienVault,ip/domain,185.68.230.207,2025-07-24T19:53:42.396303
AlienVault,ip/domain,80.243.181.81,2025-07-24T19:53:42.396317
AlienVault,ip/domain,120.85.115.175,2025-07-24T19:53:42.396331
AlienVault,ip/domain,27.21.147.209,2025-07-24T19:53:42.396346
AlienVault,ip/domain,123.10.15.34,2025-07-24T19:53:42.396359
AlienVault,ip/domain,112.239.120.150,2025-07-24T19:53:42.396373
AlienVault,ip/domain,181.176.155.25,2025-07-24T19:53:42.396386
AlienVault,ip/domain,112.31.211.135,2025-07-24T19:53:42.396399
AlienVault,ip/domain,178.72.70.239,2025-07-24T19:53:42.396414
AlienVault,ip/domain,120.85.118.169,2025-07-24T19:53:42.396427
AlienVault,ip/domain,103.104.106.223,2025-07-24T19:53:42.396440
AlienVault,ip/domain,120.238.189.72,2025-07-24T19:53:42.396454
AlienVault,ip/domain,80.243.181.119,2025-07-24T19:53:42.396468
AlienVault,ip/domain,27.35.154.75,2025-07-24T19:53:42.396482
AlienVault,ip/domain,120.85.116.17,2025-07-24T19:53:42.396496
AlienVault,ip/domain,103.170.92.22,2025-07-24T19:53:42.396508
AlienVault,ip/domain,112.94.96.114,2025-07-24T19:53:42.396521
AlienVault,ip/domain,27.197.24.223,2025-07-24T19:53:42.396535
AlienVault,ip/domain,201.184.16.244,2025-07-24T19:53:42.396549
AlienVault,ip/domain,114.236.52.101,2025-07-24T19:53:42.396562
AlienVault,ip/domain,183.237.146.175,2025-07-24T19:53:42.396576
AlienVault,ip/domain,116.212.156.31,2025-07-24T19:53:42.396588
AlienVault,ip/domain,61.129.101.38,2025-07-24T19:53:42.396601
AlienVault,ip/domain,80.82.65.247,2025-07-24T19:53:42.396615
AlienVault,ip/domain,112.27.124.158,2025-07-24T19:53:42.396628
AlienVault,ip/domain,123.11.152.93,2025-07-24T19:53:42.396642
AlienVault,ip/domain,61.242.58.12,2025-07-24T19:53:42.396656
AlienVault,ip/domain,101.65.131.144,2025-07-24T19:53:42.396670
AlienVault,ip/domain,2.106.156.53,2025-07-24T19:53:42.396683
AlienVault,ip/domain,157.61.212.82,2025-07-24T19:53:42.396696
AlienVault,ip/domain,157.61.212.109,2025-07-24T19:53:42.396710
AlienVault,ip/domain,14.111.220.134,2025-07-24T19:53:42.396724
AlienVault,ip/domain,69.176.89.226,2025-07-24T19:53:42.396738
AlienVault,ip/domain,163.125.211.103,2025-07-24T19:53:42.396752
AlienVault,ip/domain,120.85.116.69,2025-07-24T19:53:42.396766
AlienVault,ip/domain,39.74.177.167,2025-07-24T19:53:42.396780
AlienVault,ip/domain,61.242.58.135,2025-07-24T19:53:42.396794
AlienVault,ip/domain,112.94.99.139,2025-07-24T19:53:42.396807
AlienVault,ip/domain,112.30.4.73,2025-07-24T19:53:42.396821
AlienVault,ip/domain,157.61.212.84,2025-07-24T19:53:42.396835
AlienVault,ip/domain,103.91.245.48,2025-07-24T19:53:42.396846
AlienVault,ip/domain,178.72.70.207,2025-07-24T19:53:42.396861
AlienVault,ip/domain,61.242.54.211,2025-07-24T19:53:42.396876
AlienVault,ip/domain,112.86.255.100,2025-07-24T19:53:42.396890
AlienVault,ip/domain,61.242.40.206,2025-07-24T19:53:42.396903
AlienVault,ip/domain,27.203.233.132,2025-07-24T19:53:42.396916
AlienVault,ip/domain,27.215.122.160,2025-07-24T19:53:42.396930
AlienVault,ip/domain,89.208.122.213,2025-07-24T19:53:42.396943
AlienVault,ip/domain,61.242.58.197,2025-07-24T19:53:42.396957
AlienVault,ip/domain,185.232.64.32,2025-07-24T19:53:42.396971
AlienVault,ip/domain,157.61.212.122,2025-07-24T19:53:42.396985
AlienVault,ip/domain,193.169.252.166,2025-07-24T19:53:42.396998
AlienVault,ip/domain,120.85.117.207,2025-07-24T19:53:42.397012
AlienVault,ip/domain,51.15.246.104,2025-07-24T19:53:42.397026
AlienVault,ip/domain,164.155.88.34,2025-07-24T19:53:42.397040
AlienVault,ip/domain,44.192.244.178,2025-07-24T19:53:42.397053
AlienVault,ip/domain,120.85.115.197,2025-07-24T19:53:42.397067
AlienVault,ip/domain,125.128.28.181,2025-07-24T19:53:42.397081
AlienVault,ip/domain,120.193.91.183,2025-07-24T19:53:42.397095
AlienVault,ip/domain,46.101.13.94,2025-07-24T19:53:42.397110
AlienVault,ip/domain,223.159.88.8,2025-07-24T19:53:42.397123
AlienVault,ip/domain,125.127.139.69,2025-07-24T19:53:42.397138
AlienVault,ip/domain,110.35.227.222,2025-07-24T19:53:42.397152
AlienVault,ip/domain,119.29.119.174,2025-07-24T19:53:42.397166
AlienVault,ip/domain,202.164.139.168,2025-07-24T19:53:42.397180
AlienVault,ip/domain,112.94.101.203,2025-07-24T19:53:42.397194
AlienVault,ip/domain,71.68.229.247,2025-07-24T19:53:42.397208
AlienVault,ip/domain,45.229.55.57,2025-07-24T19:53:42.397223
AlienVault,ip/domain,101.181.114.172,2025-07-24T19:53:42.397236
AlienVault,ip/domain,120.85.112.133,2025-07-24T19:53:42.397250
AlienVault,ip/domain,112.94.98.57,2025-07-24T19:53:42.397264
AlienVault,ip/domain,27.217.163.40,2025-07-24T19:53:42.397278
AlienVault,ip/domain,120.85.115.60,2025-07-24T19:53:42.397291
AlienVault,ip/domain,219.136.172.161,2025-07-24T19:53:42.397305
AlienVault,ip/domain,120.85.118.227,2025-07-24T19:53:42.397318
AlienVault,ip/domain,120.85.118.235,2025-07-24T19:53:42.397332
AlienVault,ip/domain,117.208.51.51,2025-07-24T19:53:42.397343
AlienVault,ip/domain,114.246.35.129,2025-07-24T19:53:42.397358
AlienVault,ip/domain,86.175.105.80,2025-07-24T19:53:42.397374
